booth,remote,station,line_name,division,station_id,station_id_2,station_id_3,station_name,complex_id,complex_name,prior_remotes,prior_station_names,poe_loc,omny_id,booth_status,tracked_as,location
A002,R051,59 ST,NQR456W,BMT,7,,,Lexington Av/59 St,613,Lexington Av / 59 St,,LEXINGTON AVE,,70,,,3rd Ave
A003A,R051,59 ST,NQR456W,BMT,7,,,Lexington Av/59 St,613,Lexington Av / 59 St,,,,,Closed,,Lexington Ave NE cnr
A004,R050,59 ST,NQR456W,BMT,7,,,Lexington Av/59 St,613,Lexington Av / 59 St,,,,,,R244,Lexington Ave NW cnr
A006,R079,5 AV/59 ST,NQRW,BMT,8,,,5 Av/59 St,8,,,"5 AV,5 AVE-59 ST",,,,,5th Ave
A007,R079,5 AV/59 ST,NQRW,BMT,8,,,5 Av/59 St,8,,,"5 AV,5 AVE-59 ST",,,,,5th-6th Aves
A010,R080,57 ST-7 AV,NQRW,BMT,9,,,57 St-7 Av,9,,,57 ST-7 AVE,,674,,,W 57th St
A011,R080,57 ST-7 AV,NQRW,BMT,9,,,57 St-7 Av,9,,,57 ST-7 AVE,,675,,,W 55th St
A013,R081,49 ST,NQRW,BMT,10,,,49 St,10,,,"49 ST-7 AV,49 ST-7 AVE",,676,,,N/B W 49th St
A014,R081,49 ST,NQRW,BMT,10,,,49 St,10,,,"49 ST-7 AV,49 ST-7 AVE",,677,Closed,,N/B W 47th St
A015,R081,49 ST,NQRW,BMT,10,,,49 St,10,,,"49 ST-7 AV,49 ST-7 AVE",,678,,,S/B W 49th St
A016,R081,49 ST,NQRW,BMT,10,,,49 St,10,,,"49 ST-7 AV,49 ST-7 AVE",,679,,,S/B W 47th St
A017,R033,TIMES SQ-42 ST,ACENQRS1237W,BMT,11,468,317,Times Sq-42 St,611,Times Sq - 42 St / Port Authority Bus Terminal,,,,,Closed,,W 42nd St SW cnr
A021,R032,TIMES SQ-42 ST,ACENQRS1237W,BMT,11,,,Times Sq-42 St,611,Times Sq - 42 St / Port Authority Bus Terminal,,"42 ST - TIMES S,42 ST-TIMES SQ",,403,,,W 40th St
A022,R022,34 ST-HERALD SQ,BDFMNQRW,BMT,12,227,,34 St-Herald Sq,607,34 St - Herald Sq,,34 STREET,,,,,W 34th St E/S
A022A,R022,34 ST-HERALD SQ,BDFMNQRW,BMT,12,227,,34 St-Herald Sq,607,34 St - Herald Sq,,,,,,A022,W 34th-35th Sts E/S
A025,R023,34 ST-HERALD SQ,BDFMNQRW,BMT,12,,,34 St-Herald Sq,607,34 St - Herald Sq,,34 STREET,,511,,,W 32nd St
A026,R082,28 ST,NRW,BMT,13,,,28 St,13,,,,,,Closed,,N/B W 29th St
A027,R082,28 ST,NRW,BMT,13,,,28 St,13,,,28 ST-BROADWAY,1509,680,,,N/B W 28th St
A028,R082,28 ST,NRW,BMT,13,,,28 St,13,,,,,,Closed,,S/B W 29th St
A029,R082,28 ST,NRW,BMT,13,,,28 St,13,,,28 ST-BROADWAY,1510,681,,,S/B W 28th St
A030,R083,23 ST,NRW,BMT,14,,,23 St,14,,,23 ST-5 AVE,1511,682,,,N/B E 23rd St
A031,R083,23 ST,NRW,BMT,14,,,23 St,14,,,23 ST-5 AVE,1512,683,,,S/B E 23rd St
A033,R170,14 ST-UNION SQ,LNQR456W,BMT,15,,,14 St-Union Sq,602,14 St - Union Sq,,,,47,,,E 16th St
A034,R170,14 ST-UNION SQ,LNQR456W,BMT,15,,,14 St-Union Sq,602,14 St - Union Sq,,,,,,,E 14th-15th Sts W/S
A035,R170,14 ST-UNION SQ,LNQR456W,BMT,117,406,,14 St-Union Sq,602,14 St - Union Sq,,,,,,,E 15th St
A036,R170,14 ST-UNION SQ,LNQR456W,BMT,117,,,14 St-Union Sq,602,14 St - Union Sq,,,,,,A034,E 15th St E/S
A037,R170,14 ST-UNION SQ,LNQR456W,BMT,117,,,14 St-Union Sq,602,14 St - Union Sq,,,1417,50,,,E 14th St S/S
A038,R085,8 ST-NYU,NRW,BMT,16,,,8 St-NYU,16,,,"8 ST-BROADWAY,8 ST-B'WAY NYU",,686,,,N/B E 8th St
A039,R085,8 ST-NYU,NRW,BMT,16,,,8 St-NYU,16,,,"8 ST-BROADWAY,8 ST-B'WAY NYU",,,,,S/B E 8th St
A040,R085,8 ST-NYU,NRW,BMT,16,,,8 St-NYU,16,,,,,,,A039,S/B Waverly Pl
A041,R086,PRINCE ST,NRW,BMT,17,,,Prince St,17,,,PRINCE ST-B'WAY,,,,,N/B Prince St
A042,R086,PRINCE ST,NRW,BMT,17,,,Prince St,17,,,PRINCE ST-B'WAY,,,,,S/B Prince St
A043,R462,CANAL ST,JNQRZ6W,BMT,18,19,,Canal St,623,Canal St,,,1522,6,,,N/B Canal St
A044,R462,CANAL ST,JNQRZ6W,BMT,18,,,Canal St,623,Canal St,,,,,,A043,S/B Canal St
A046,R463,CANAL ST,JNQRZ6W,BMT,19,410,,Canal St,623,Canal St,,,1524,7,,,Lafayette St E/S
A047,R087,CITY HALL,RNW,BMT,20,,,City Hall,20,,,MURRAY ST-B'WAY,,,,,Murray St
A049,R088,CORTLANDT ST,RNW,BMT,21,,,Cortlandt St,624,Chambers St / WTC / Park Place / Cortlandt St,,,,573,,,Dey St
A050,R088,CORTLANDT ST,RNW,BMT,21,,,Cortlandt St,624,Chambers St / WTC / Park Place / Cortlandt St,,,,,,,N/B Dey St
A051,R088,CORTLANDT ST,RNW,BMT,21,,,Cortlandt St,624,Chambers St / WTC / Park Place / Cortlandt St,,,,,Closed,,N/B Cortlandt St
A052,R088,CORTLANDT ST,RNW,BMT,21,,,Cortlandt St,624,Chambers St / WTC / Park Place / Cortlandt St,,,,,,,S/B Dey St
A053,R088,CORTLANDT ST,RNW,BMT,21,,,Cortlandt St,624,Chambers St / WTC / Park Place / Cortlandt St,,,,,,,S/B Cortlandt St
A054,R227,RECTOR ST,NRW,BMT,22,,,Rector St,22,,,,,,,,N/B Rector St
A055,R227,RECTOR ST,NRW,BMT,22,,,Rector St,22,,,,,,,,S/B Rector St
A058,R001,WHITEHALL S-FRY,R1W,BMT,23,,,Whitehall St-South Ferry,635,South Ferry / Whitehall,,"WHITEHALL,WHITEHALL ST",,,,,Stone St
A060,R001,WHITEHALL S-FRY,R1W,BMT,23,,,Whitehall St-South Ferry,635,South Ferry / Whitehall,,"WHITEHALL,WHITEHALL ST",,,,,State St
A061,R142,DELANCEY/ESSEX,FJMZ,BMT,102,,,Delancey St-Essex St,625,Delancey St / Essex St,,ESSEX ST,,,,,S/B Norfolk St
A064,R311,BOWERY,JZ,BMT,103,,,Bowery,103,,,,,,,,Bowery E/S
A065,R311,BOWERY,JZ,BMT,103,,,Bowery,103,,,,,,Closed,,Bowery W/S
A066,R118,CANAL ST,JNQRZ6W,BMT,104,19,,Canal St,623,Canal St,,,1534,,,,Canal St SW cnr
A068,R118,CANAL ST,JNQRZ6W,BMT,104,,,Canal St,623,Canal St,,,,,Closed,,N/B Canal St
A069,R044,CHAMBERS ST,JZ456,BMT,105,,,Chambers St,622,Brooklyn Bridge-City Hall / Chambers St,,CHAMBERS STREET,,55,,,Chambers St
A071,R044,CHAMBERS ST,JZ456,BMT,105,,,Chambers St,622,Brooklyn Bridge-City Hall / Chambers St,,CHAMBERS STREET,,56,,,Duane St
A076,R028,FULTON ST,ACJZ2345,BMT,106,,,Fulton St,628,Fulton St,,,,,Closed,,Ann St
A077,R028,FULTON ST,ACJZ2345,BMT,106,172,,Fulton St,628,Fulton St,R002,FULTON STREET,,,,,N/B Fulton St
A078,R028,FULTON ST,ACJZ2345,BMT,106,,,Fulton St,628,Fulton St,,,,,Closed,,N/B John St
A079,R028,FULTON ST,ACJZ2345,BMT,106,,,Fulton St,628,Fulton St,,,,,Closed,,N/B Beekman St
A081,R028,FULTON ST,ACJZ2345,BMT,106,172,,Fulton St,628,Fulton St,R002,FULTON STREET,2108,,,,S/B Fulton St
A082,R028,FULTON ST,ACJZ2345,BMT,106,,,Fulton St,628,Fulton St,R002,FULTON STREET,,,,,S/B John St
A083,R125,BROAD ST,JZ,BMT,107,,,Broad St,107,,,,,,,,Wall St
A084,R125,BROAD ST,JZ,BMT,107,,,Broad St,107,,,,,,,,N/B Exchange Pl
A085,R125,BROAD ST,JZ,BMT,107,,,Broad St,107,,,,,,,,S/B Exchange Pl
B001,R057,ATLANTIC AVE,BDNQR2345,BMT,40,,,Atlantic Av-Barclays Ctr,617,Atlantic Av-Barclays Ctr,,,,,,R610,Hansen Pl
B002,R057,ATLANTIC AVE,BDNQR2345,BMT,40,,,Atlantic Av-Barclays Ctr,617,Atlantic Av-Barclays Ctr,,,,,,R610,Atlantic Terminal
B004,R171,7 AV,BQ,BMT,41,,,7 Av,41,,,7 AVE,,919,,,"Park Pl, Carlton Ave"
B005,R171,7 AV,BQ,BMT,41,,,7 Av,41,,,,,,Closed,,Sterling Pl
B008, ,DEAN ST,S,BMT,140,,,Dean St,140,,,,,,Closed,,Dean St
B009,R411,PARK PLACE,S,BMT,141,,,Park Pl,141,,,PARK PL,1542,,,,Park Pl
B010,R412,BOTANIC GARDEN,S2345,BMT,142,,,Botanic Garden,626,Franklin Av-Medgar Evers College / Botanic Garden,,,,,,,Eastern Pkwy
B011,R412,BOTANIC GARDEN,S2345,BMT,142,,,Botanic Garden,626,Franklin Av-Medgar Evers College / Botanic Garden,,,,,Closed,,President St
B012,R196,PROSPECT PARK,BQS,BMT,42,,,Prospect Park,42,,,,,,,,"Empire Blvd, Ocean Ave"
B013,R196,PROSPECT PARK,BQS,BMT,42,,,Prospect Park,42,,,,,921,,,Lincoln Rd
B014,R148,PARKSIDE AV,BQ,BMT,43,,,Parkside Av,43,,,PARKSIDE AVE,1546,,,,Parkside Ave
B015,R098,CHURCH AV,BQ,BMT,44,,,Church Av,44,,,CHURCH AVE,,,,,Caton Ave
B016,R098,CHURCH AV,BQ,BMT,44,,,Church Av,44,,,CHURCH AVE,,,,,Church Ave
B017,R262,BEVERLEY ROAD,BQ,BMT,45,,,Beverley Rd,45,,,BEVERLEY RD,,,,,Beverley Rd
B018,R184,CORTELYOU RD,BQ,BMT,46,,,Cortelyou Rd,46,,,CORTELYOU ROAD,,,,,Cortelyou Rd
B019,R149,NEWKIRK PLAZA,BQ,BMT,47,,,Newkirk Plaza,47,,,"NEWKIRK AV,NEWKIRK AVE",,,,,Newkirk Plaza
B020,R263,AVENUE H,BQ,BMT,48,,,Avenue H,48,,,AVE H,,,,,Avenue H
B021,R228,AVENUE J,BQ,BMT,49,,,Avenue J,49,,,"AV J,AVE J",,,,,Avenue J
B022,R229,AVENUE M,BQ,BMT,50,,,Avenue M,50,,,"AV M,AVE M",,,,,Avenue M
B023,R211,KINGS HWY,BQ,BMT,51,,,Kings Hwy,51,,,KINGS HIGHWAY,,,,,Kings Hwy N/S
B024,R211,KINGS HWY,BQ,BMT,51,,,Kings Hwy,51,,,KINGS HIGHWAY,,,,,Kings Hwy S/S
B024A,R211,KINGS HWY,BQ,BMT,51,,,Kings Hwy,51,,,KINGS HIGHWAY,,,,,Quentin Rd
B025,R150,AVENUE U,BQ,BMT,52,,,Avenue U,52,,,"AV U,AVE U",,,,,Avenue U
B026,R230,NECK RD,BQ,BMT,53,,,Neck Rd,53,,,NECK ROAD,,,,,Neck Rd
B027,R136,SHEEPSHEAD BAY,BQ,BMT,54,,,Sheepshead Bay,54,,,,,,,,Sheepshead Bay Rd
B028,R136,SHEEPSHEAD BAY,BQ,BMT,54,,,Sheepshead Bay,54,,,,,,,,"Voorhies Ave, Shore Pkwy"
B029,R172,BRIGHTON BEACH,BQ,BMT,55,,,Brighton Beach,55,,,,,,,,Brighton 7th St
B031,R172,BRIGHTON BEACH,BQ,BMT,55,,,Brighton Beach,55,,,,,,,,Brighton 5th St
B032,R264,OCEAN PKWY,Q,BMT,56,,,Ocean Pkwy,56,,,OCEAN PARKWAY,,,,,Ocean Pkwy
B034,R264,OCEAN PKWY,Q,BMT,56,,,Ocean Pkwy,56,,,OCEAN PARKWAY,,,,,W 1st St
C001,R108,BOROUGH HALL,R2345,BMT,24,,,Court St,620,Borough Hall / Court St,,BOROUGH HALL/CT,,15,Closed,,Clinton St
C003,R089,JAY ST-METROTEC,R,BMT,25,,,Jay St-MetroTech,636,Jay St - MetroTech,,LAWRENCE ST,,,,,Lawrence St
C004,R089,JAY ST-METROTEC,R,BMT,25,,,Jay St-MetroTech,636,Jay St - MetroTech,,LAWRENCE ST,,,,,Bridge St
C006,R099,DEKALB AV,BDNQR,BMT,26,,,DeKalb Av,26,,,,,,,C008,Fleet St
C008,R099,DEKALB AV,BDNQR,BMT,26,,,DeKalb Av,26,,,DEKALB AVE,1570,,,,DeKalb Ave
C009,R057,ATL AV-BARCLAY,BDNQR2345,BMT,27,,,Atlantic Av-Barclays Ctr,617,Atlantic Av-Barclays Ctr,,"BARCLAYS CENTER,PACIFIC ST",2112,9,,,Pacific St
C010,R231,UNION ST,R,BMT,28,,,Union St,28,,,,,,,,N/B Union St
C011,R231,UNION ST,R,BMT,28,,,Union St,28,,,,1572,1090,,,S/B Union St
C012,R258,4AV-9 ST,DFGMNR,BMT,29,,,4 Av-9 St,608,4 Av - 9 St,,9 ST,,,,,N/B 9th St
C013,R258,4AV-9 ST,DFGMNR,BMT,29,,,4 Av-9 St,608,4 Av - 9 St,,9 ST,,,,C012,S/B 9th St
C014,R246,PROSPECT AV,R,BMT,30,,,Prospect Av,30,,,PROSPECT AVE,,,,,N/B Prospect Ave
C015,R246,PROSPECT AV,R,BMT,30,,,Prospect Av,30,,R454,PROSPECT AVE,,,,,S/B Prospect Ave
C016,R278,25 ST,R,BMT,31,,,25 St,31,,,,,,,,N/B 25th St
C017,R455,25 ST,R,BMT,31,,,25 St,31,,,,,,,,S/B 25th St
C018,R197,36 ST,DNR,BMT,32,,,36 St,32,,,,,,,,36th St
C019,R232,45 ST,R,BMT,33,,,45 St,33,,,,,,,,45th St
C020,R233,53 ST,R,BMT,34,,,53 St,34,,,,,,,,53rd St
C021,R212,59 ST,NRW,BMT,35,,,59 St,35,,,,,,,,59th St
C022,R212,59 ST,NRW,BMT,35,,,59 St,35,,,,,,,,60th St
C023,R213,BAY RIDGE AV,R,BMT,36,,,Bay Ridge Av,36,,,BAY RIDGE AVE,,,,,Bay Ridge Ave
C024,R214,77 ST,R,BMT,37,,,77 St,37,,,,,,,,77th St
C025,R215,86 ST,R,BMT,38,,,86 St,38,,,,,,,,86th St
C026,R215,86 ST,R,BMT,38,,,86 St,38,,,,,,,,85th St
C027,R216,BAY RIDGE-95 ST,R,BMT,39,,,Bay Ridge-95 St,39,,,"BAY RIDGE AV,BAY RIDGE-95 ST",,,,,95th St
C028,R216,BAY RIDGE-95 ST,R,BMT,39,,,Bay Ridge-95 St,39,,,"BAY RIDGE AV,BAY RIDGE-95 ST",,,,,93rd St
D001,R390,8 AV,N,BMT,71,,,8 Av,71,,,,,,,,7th Ave
D002,R390,8 AV,N,BMT,71,,,8 Av,71,,,8 AVE,,,,,8th Ave
D003,R391,FT HAMILTON PKY,N,BMT,72,,,Fort Hamilton Pkwy,72,,,,,,,,Fort Hamilton Pkwy
D004,R391,FT HAMILTON PKY,N,BMT,72,,,Fort Hamilton Pkwy,72,,,,,,,,11th Ave
D005,R398,NEW UTRECHT AV,ND,BMT,73,63,,New Utrecht Av,615,62 St / New Utrecht Av,,NEW UTRECHT AVE,,,,,New Utrecht Ave
D006,R398,NEW UTRECHT AV,ND,BMT,73,,,New Utrecht Av,615,62 St / New Utrecht Av,,NEW UTRECHT AVE,,,,,15th Ave
D007,R392,18 AV,N,BMT,74,,,18 Av,74,,,,,,,D008,17th Ave
D008,R392,18 AV,N,BMT,74,,,18 Av,74,,,18 AVE,,,,,18th Ave
D009,R393,20 AV,N,BMT,75,,,20 Av,75,,,20 AVE,,,,,20th Ave
D010,R394,BAY PKWY,N,BMT,76,,,Bay Pkwy,76,,,"BAY PKY-22 AV,BAY PKY-22 AVE",,,,,Bay Pkwy
D011,R394,BAY PKWY,N,BMT,76,,,Bay Pkwy,76,,,"BAY PKY-22 AV,BAY PKY-22 AVE",,,,,Avenue O
D012,R395,KINGS HWY,N,BMT,77,,,Kings Hwy,77,,,KINGS HIGHWAY,,,,,Kings Highway
D013,R395,KINGS HWY,N,BMT,77,,,Kings Hwy,77,,,,,,,D012,Highlawn Ave
D014,R396,AVENUE U,N,BMT,78,,,Avenue U,78,,,,,,,D015,Avenue T
D015,R396,AVENUE U,N,BMT,78,,,Avenue U,78,,,"AV U,AVE U",,,,,Avenue U
D016,R397,86 ST,N,BMT,79,,,86 St,79,,,,,,,,86th St
E001,R368,9 AV,D,BMT,59,,,9 Av,59,,,9 AVE,,,,,9th Ave
E003,R369,FT HAMILTON PKY,D,BMT,60,,,Fort Hamilton Pkwy,60,,,,,,,,"45th St, Fort Hamilton Pkwy"
E004,R234,50 ST,D,BMT,61,,,50 St,61,,,,,,,,50th St
E005,R247,55 ST,D,BMT,62,,,55 St,62,,,,,,,,55th St
E006,R398,62 ST,ND,BMT,63,,,62 St,615,62 St / New Utrecht Av,,,,,,D005,60th St
E008,R370,71 ST,D,BMT,64,,,71 St,64,,,,,,,E009,69th St
E009,R370,71 ST,D,BMT,64,,,71 St,64,,,,,,,,71st St
E010,R371,79 ST,D,BMT,65,,,79 St,65,,,,,,,E011,77th St
E011,R371,79 ST,D,BMT,65,,,79 St,65,,,,,,,,79th St
E012,R372,18 AV,D,BMT,66,,,18 Av,66,,,18 AVE,,,,,18th Ave
E013,R373,20 AV,D,BMT,67,,,20 Av,67,,,20 AVE,,,,,20th Ave
E014,R374,BAY PKWY,D,BMT,68,,,Bay Pkwy,68,,,"BAY PKY,BAY PARKWAY",,,,,Bay Pkwy
E015,R399,25 AV,D,BMT,69,,,25 Av,69,,,25 AVE,,,,,25th Ave
E016,R400,BAY 50 ST,D,BMT,70,,,Bay 50 St,70,,,,,,,,Bay 50th St
G001,R151,CONEY IS-STILLW,DFNQ,BMT,58,,,Coney Island-Stillwell Av,58,,,"STILLWELL AV,STILLWELL AVE",,,,,Surf Ave
G009,R151,CONEY IS-STILLW,DFNQ,BMT,58,,,Coney Island-Stillwell Av,58,,,"STILLWELL AV,STILLWELL AVE",,,,,Mermaid Ave
G011,R312,W 8 ST-AQUARIUM,FQ,BMT,57,,,W 8 St-NY Aquarium,57,,,,,,,,W 8th St
G015,R312,W 8 ST-AQUARIUM,FQ,BMT,57,,,W 8 St-NY Aquarium,57,,,,,,,,W 6th St
H001,R175,8 AV,ACEL,BMT,115,166,,8 Av,618,14 St / 8 Av,,8 AVE,1617,551,,,8th Ave
H002,R163,6 AV,FLM123,BMT,116,,,6 Av,601,14 St / 6 Av,,,,,Closed,,6th Ave W/S
H003,R163,6 AV,FLM123,BMT,116,,,6 Av,601,14 St / 6 Av,,6 AVE,,,,,6th Ave E/S
H005,R330,3 AV,L,BMT,118,,,3 Av,118,,,3 AVE,,,,,N/B 3rd Ave
H006,R330,3 AV,L,BMT,118,,,3 Av,118,,,3 AVE,,,,,S/B 3rd Ave
H007,R248,1 AV,L,BMT,119,,,1 Av,119,,,1 AVE,,,,,N/B 1st Ave
H007A,R248,1 AV,L,BMT,119,,,1 Av,119,,,,,,,,N/B Avenue A
H008,R248,1 AV,L,BMT,119,,,1 Av,119,,,1 AVE,,,,,S/B 1st Ave
H008A,R248,1 AV,L,BMT,119,,,1 Av,119,,,,,,,H007A,S/B Avenue A
H009,R235,BEDFORD AV,L,BMT,120,,,Bedford Av,120,,,BEDFORD AVE,,842,,,Bedford Ave
H010,R235,BEDFORD AV,L,BMT,120,,,Bedford Av,120,,,,,,,,Driggs Ave
H011,R268,LORIMER ST,LG,BMT,121,,,Lorimer St,629,Metropolitan Av / Lorimer St,,,,,,N409,N/B Union Ave
H012,R268,LORIMER ST,LG,BMT,121,,,Lorimer St,629,Metropolitan Av / Lorimer St,,,,,,,Lorimer St
H013,R249,GRAHAM AV,L,BMT,122,,,Graham Av,122,,,GRAHAM AVE,,,,,N/B Graham Ave
H014,R249,GRAHAM AV,L,BMT,122,,,Graham Av,122,,,GRAHAM AVE,,,,,S/B Graham Ave
H015,R250,GRAND ST,L,BMT,123,,,Grand St,123,,,,,,,,N/B Grand St
H016,R250,GRAND ST,L,BMT,123,,,Grand St,123,,,,,,,,S/B Grand St
H017,R265,MONTROSE AV,L,BMT,124,,,Montrose Av,124,,,MONTROSE AVE,,,,,Montrose Ave
H018,R294,MORGAN AV,L,BMT,125,,,Morgan Av,125,,,,,,,H019,Bogart St
H019,R294,MORGAN AV,L,BMT,125,,,Morgan Av,125,,,MORGAN AVE,,854,,,Morgan Ave
H020,R279,JEFFERSON ST,L,BMT,126,,,Jefferson St,126,,,,,,,H022,N/B Jefferson St
H021,R279,JEFFERSON ST,L,BMT,126,,,Jefferson St,126,,,,,,,H022,S/B Jefferson St
H022,R279,JEFFERSON ST,L,BMT,126,,,Jefferson St,126,,,,,,,,Starr St
H023,R236,DEKALB AV,L,BMT,127,,,DeKalb Av,127,,,DEKALB AVE,,,,,DeKalb Ave
H024,R236,DEKALB AV,L,BMT,127,,,DeKalb Av,127,,,,,,,H023,N/B Stanhope St
H025,R236,DEKALB AV,L,BMT,127,,,DeKalb Av,127,,,,,,,H023,S/B Stanhope St
H026,R137,MYRTLE-WYCKOFF,LM,BMT,112,128,,Myrtle-Wyckoff Avs,630,Myrtle - Wyckoff Avs,,"MYRTLE AV,MYRTLE AVE",,,,,Myrtle Ave
H027,R137,MYRTLE-WYCKOFF,LM,BMT,128,112,,Myrtle-Wyckoff Avs,630,Myrtle - Wyckoff Avs,,"MYRTLE AV,MYRTLE AVE",,,,,Palmetto St
H028,R266,HALSEY ST,L,BMT,129,,,Halsey St,129,,,,,,,,N/B George St
H029,R266,HALSEY ST,L,BMT,129,,,Halsey St,129,,,,,,,H028,N/B Norman St
H030,R266,HALSEY ST,L,BMT,129,,,Halsey St,129,,,,,,,,S/B Halsey St
H031,R266,HALSEY ST,L,BMT,129,,,Halsey St,129,,,,,,,H030,S/B Covert St
H032,R295,WILSON AV,L,BMT,130,,,Wilson Av,130,,,WILSON AVE,,,,,Wilson St
H033,R313,BUSHWICK AV,L,BMT,131,,,Bushwick Av-Aberdeen St,131,,,BUSHWICK AVE,,,,,"Bushwick Ave, Aberdeen St"
H035,R348,ATLANTIC AV,L,BMT,133,,,Atlantic Av,133,,,ATLANTIC AVE,,,,,E New York Ave
H036,R349,SUTTER AV,L,BMT,134,,,Sutter Av,134,,,,,,Closed,,Belmont Ave
H037,R349,SUTTER AV,L,BMT,134,,,Sutter Av,134,,,SUTTER AVE,,,,,Sutter Ave
H038,R350,LIVONIA AV,L,BMT,135,,,Livonia Av,135,,,LIVONIA AVE,,,,,Livonia Ave
H039,R375,NEW LOTS,L,BMT,136,,,New Lots Av,136,,,"NEW LOTS AV,NEW LOTS AVE",,,,,New Lots Ave
H040,R376,EAST 105 ST,L,BMT,137,,,East 105 St,137,,,,,,,,E 105th St
H041,R152,CANARSIE-ROCKAW,L,BMT,138,,,Canarsie-Rockaway Pkwy,138,,,ROCKAWAY PKY,,,,,Rockaway Pkwy
J001,R460,MARCY AV,JMZ,BMT,101,,,Marcy Av,101,,,MARCY AVE,,,,,S/B Marcy Ave
J002,R460,MARCY AV,JMZ,BMT,101,,,Marcy Av,101,,,MARCY AVE,,,,,N/B Marcy Ave
J003,R352,HEWES ST,JM,BMT,100,,,Hewes St,100,,,,,,,,Hooper St
J004,R352,HEWES ST,JM,BMT,100,,,Hewes St,100,,,,,,,J003,Hewes St
J005,R353,LORIMER ST,JM,BMT,99,,,Lorimer St,99,,,,,,,,Lorimer St
J007,R377,FLUSHING AV,JM,BMT,98,,,Flushing Av,98,,,FLUSHING AVE,,,,,Flushing Ave
J008,R377,FLUSHING AV,JM,BMT,98,,,Flushing Av,98,,,,,,,J007,Ellery St
J009,R378,MYRTLE AV,JMZ,BMT,97,,,Myrtle Av,97,,,MYRTLE AVE,,,,,Myrtle Ave
J010,R378,MYRTLE AV,JMZ,BMT,97,,,Myrtle Av,97,,,,,,Closed,,Jefferson St
J011,R379,KOSCIUSZKO ST,J,BMT,96,,,Kosciuszko St,96,,,,,,Closed,,DeKalb Ave
J012,R379,KOSCIUSZKO ST,J,BMT,96,,,Kosciuszko St,96,,,KOSCIUSKO ST,,,,,Lafayette Ave
J013,R380,GATES AV,JZ,BMT,95,,,Gates Av,95,,,GATES AVE,,,,,Quincy St
J014,R380,GATES AV,JZ,BMT,95,,,Gates Av,95,,,,,,Closed,,Gates Ave
J015,R381,HALSEY ST,J,BMT,94,,,Halsey St,94,,,,,,Closed,,Hancock St
J016,R381,HALSEY ST,J,BMT,94,,,Halsey St,94,,,,,,,,Halsey St
J017,R432,CHAUNCEY ST,JZ,BMT,93,,,Chauncey St,93,,,,,,,,Rockaway Ave
J018,R432,CHAUNCEY ST,JZ,BMT,93,,,Chauncey St,93,,,,,,Closed,,Chauncey St
J019,R103,BROADWAY JCT,ACJLZ,BMT,92,,,Broadway Junction,621,Broadway Junction,,,,,Closed,,Eastern Pkwy
J020,R433,ALABAMA AV,J,BMT,91,,,Alabama Av,91,,,ALABAMA AVE,,,,,Alabama Ave
J021,R434,VAN SICLEN AV,JZ,BMT,90,,,Van Siclen Av,90,,,VAN SICLEN AVE,,,,,Van Siclen Ave
J022,R435,CLEVELAND ST,J,BMT,89,,,Cleveland St,89,,,,,,,,Cleveland St
J023,R436,NORWOOD AV,JZ,BMT,88,,,Norwood Av,88,,,NORWOOD AVE,,,,,Norwood Ave
J024,R437,CRESCENT ST,JZ,BMT,87,,,Crescent St,87,,,,,,,,Crescent St
J025,R003,CYPRESS HILLS,J,BMT,86,,,Cypress Hills,86,,,CYPRESS  HILLS,,,,,Hemlock St
J026,R003,CYPRESS HILLS,J,BMT,86,,,Cypress Hills,86,,,,,,Exit-only,J025,Autumn Ave
J027,R004,75 ST-ELDERTS,JZ,BMT,85,,,75 St-Elderts Ln,85,,,,,,Closed,,Elderts Ln
J028,R004,75 ST-ELDERTS,JZ,BMT,85,,,75 St-Elderts Ln,85,,,ELDERTS LANE,,,,,75th St
J029,R005,85 ST-FOREST PK,J,BMT,84,,,85 St-Forest Pkwy,84,,,,,,Closed,,Forest Pkwy
J030,R005,85 ST-FOREST PK,J,BMT,84,,,85 St-Forest Pkwy,84,,,FOREST PARKWAY,,,,,85th St
J031,R006,WOODHAVEN BLVD,JZ,BMT,83,,,Woodhaven Blvd,83,,,,,,,,Woodhaven Blvd
J032,R006,WOODHAVEN BLVD,JZ,BMT,83,,,Woodhaven Blvd,83,,,,,,,,85th St
J033,R007,104 ST,JZ,BMT,82,,,104 St,82,,,,,,Closed,,102nd St
J034,R007,104 ST,JZ,BMT,82,,,104 St,82,,,104 STREET,,,,,104th St
J035,R008,111 ST,J,BMT,81,,,111 St,81,,,,,,,,111th St
J036,R008,111 ST,J,BMT,81,,,111 St,81,,,,,,Closed,,113th St
J037,R009,121 ST,JZ,BMT,80,,,121 St,80,,,,,,,,121st St
J038,R009,121 ST,JZ,BMT,80,,,121 St,80,,,,,,,J037,123rd St
K017,R401,CENTRAL AV,M,BMT,114,,,Central Av,114,,,CENTRAL AVE,,,,,Cedar St
K019,R413,KNICKERBOCKER,M,BMT,113,,,Knickerbocker Av,113,,,,,,,,Greene Ave
K022,R402,SENECA AVE,M,BMT,111,,,Seneca Av,111,,,SENECA AV,,,,,Seneca Ave
K023,R403,FOREST AVE,M,BMT,110,,,Forest Av,110,,,,,,Closed,,Woodward Ave
K024,R403,FOREST AVE,M,BMT,110,,,Forest Av,110,,,FOREST AV,,,,,Putnam Ave
K025,R404,FRESH POND RD,M,BMT,109,,,Fresh Pond Rd,109,,,FRESH POND ROAD,,,,,Fresh Pond Rd
K026,R100,METROPOLITAN AV,M,BMT,108,,,Middle Village-Metropolitan Av,108,,,,,,,,Metropolitan Ave
N001,R173,INWOOD-207 ST,A,IND,143,,,Inwood-207 St,143,,,207 ST/WASH HTS,,,,,W 211th St
N002,R173,INWOOD-207 ST,A,IND,143,,,Inwood-207 St,143,,,,,,Closed,,W 207th-W 211th Sts
N002A,R173,INWOOD-207 ST,A,IND,143,,,Inwood-207 St,143,,,207 ST/WASH HTS,,,,,W 207th St
N003,R185,DYCKMAN ST,A,IND,144,,,Dyckman St,144,,,DYCKMAN-200 ST,,,,,S/B Dyckman St
N004,R185,DYCKMAN ST,A,IND,144,,,Dyckman St,144,,,,,,Exit-only,N003,N/B Dyckman St
N005,R280,190 ST,A,IND,145,,,190 St,145,,,,,,Closed,,Bennett Ave
N006,R280,190 ST,A,IND,145,,,190 St,145,,,,,,Closed,,Cabrini Blvd
N006A,R280,190 ST,A,IND,145,,,190 St,145,,,,,,,,W 193rd St
N007,R174,181 ST,A,IND,146,,,181 St,146,,,,,,Closed,,Overlook Terrace
N007A,R174,181 ST,A,IND,146,,,181 St,146,,,,,,,,W 184th St
N008,R174,181 ST,A,IND,146,,,181 St,146,,,,,,Closed,,Fort Washington Ave
N009,R174,181 ST,A,IND,146,,,181 St,146,,,,,,,,W 181st St
N010,R126,175 ST,A,IND,147,,,175 St,147,,,,,,,,W 177th St
N011,R126,175 ST,A,IND,147,,,175 St,147,,,,,,,,W 175th St
N012,R035,168 ST,AC1,IND,148,,,168 St,605,168 St - Washington Hts,,168 ST-BROADWAY,,,,,W 169th St
N013,R035,168 ST,AC1,IND,148,,,168 St,605,168 St - Washington Hts,,168 ST-BROADWAY,,,,,W 168th St
N014,R035,168 ST,AC1,IND,148,,,168 St,605,168 St - Washington Hts,,,,,Closed,,W 167th St
N015,R296,163 ST-AMSTERDM,C,IND,149,,,163 St-Amsterdam Av,149,,,,,,Closed,,Amsterdam Ave
N016A,R296,163 ST-AMSTERDM,C,IND,149,,,163 St-Amsterdam Av,149,,,,1676,,,,W 161st St
N017,R331,155 ST,C,IND,150,,,155 St,150,,,,,,,,W 155th St
N018,R331,155 ST,C,IND,150,,,155 St,150,,,,,,Closed,,W 153rd St
N019,R101,145 ST,ABCD,IND,151,,,145 St,151,,,,,,,,W 147th St
N020,R101,145 ST,ABCD,IND,151,,,145 St,151,,,,,,,,W 145th St
N021,R332,135 ST,BC,IND,152,,,135 St,152,,,,,,,N023,N/B W 137th St
N022,R332,135 ST,BC,IND,152,,,135 St,152,,,135TH STREET,,,,,S/B W 137th St
N023,R332,135 ST,BC,IND,152,,,135 St,152,,,135TH STREET,,,,,N/B W 135th St
N024,R332,135 ST,BC,IND,152,,,135 St,152,,,135TH STREET,,,,,S/B W 135th St
N025,R102,125 ST,ACBD,IND,153,,,125 St,153,,,,,,,,W 127th St
N026,R102,125 ST,ACBD,IND,153,,,125 St,153,,,,1684,,,,W 125th St
N027,R333,116 ST,BC,IND,154,,,116 St,154,,,,,,Closed,,N/B W 118th St
N028,R333,116 ST,BC,IND,154,,,116 St,154,,,,,,Closed,,S/B W 118th St
N029,R333,116 ST,BC,IND,154,,,116 St,154,,,,,,,,N/B W 116th St
N030,R333,116 ST,BC,IND,154,,,116 St,154,,,,,,,,S/B W 116th St
N031,R334,CATHEDRAL PKWY,BC,IND,155,,,Cathedral Pkwy (110 St),155,,,,,,Closed,,N/B W 111th St
N032,R334,CATHEDRAL PKWY,BC,IND,155,,,Cathedral Pkwy (110 St),155,,,,,,Closed,,S/B W 111th St
N033,R334,CATHEDRAL PKWY,BC,IND,155,,,Cathedral Pkwy (110 St),155,,,,,,Closed,,N/B W 110th St
N034,R334,CATHEDRAL PKWY,BC,IND,155,,,Cathedral Pkwy (110 St),155,,,"110 ST-CATHEDRL,CATHEDRL-110 ST",,,,,S/B W 110th St
N035,R334,CATHEDRAL PKWY,BC,IND,155,,,Cathedral Pkwy (110 St),155,,,"110 ST-CATHEDRL,CATHEDRL-110 ST",,,,,W 109th St
N036,R314,103 ST,BC,IND,156,,,103 St,156,,,,,,Closed,,W 104th St
N037,R314,103 ST,BC,IND,156,,,103 St,156,,,,,,,,W 103rd St
N038,R314,103 ST,BC,IND,156,,,103 St,156,,,,,,Closed,,W 102nd St
N039,R251,96 ST,BC,IND,157,,,96 St,157,,,,,,,,W 97th St
N040,R251,96 ST,BC,IND,157,,,96 St,157,,,,,,,,W 96th St
N041,R251,96 ST,BC,IND,157,,,96 St,157,,,,,,Closed,,W 95th St
N042,R186,86 ST,BC,IND,158,,,86 St,158,,,,,,,N043,W 88th St
N043,R186,86 ST,BC,IND,158,,,86 St,158,,,,,,,,W 86th St
N044,R187,81 ST-MUSEUM,BC,IND,159,,,81 St-Museum of Natural History,159,,,,,494,,,W 81st St
N045,R187,81 ST-MUSEUM,BC,IND,159,,,81 St-Museum of Natural History,159,,,,,495,,,W 78th St
N046,R281,72 ST,BC,IND,160,,,72 St,160,,,,1696,496,,,W 72nd St
N046A,R281,72 ST,BC,IND,160,,,72 St,160,,,,,,Closed,,W 71st St
N047,R281,72 ST,BC,IND,160,,,72 St,160,,,,,,,N046,W 70th St
N048,R084,59 ST COLUMBUS,ABCD1,IND,161,,,59 St-Columbus Circle,614,59 St - Columbus Circle,,59 ST-COLUMBUS,,,Closed,,W 61st St
N049,R084,59 ST COLUMBUS,ABCD1,IND,161,315,,59 St-Columbus Circle,614,59 St - Columbus Circle,,59 ST-COLUMBUS,1697,421,,,W 60th St
N049A,R084,59 ST COLUMBUS,ABCD1,IND,161,315,,59 St-Columbus Circle,614,59 St - Columbus Circle,,59 ST-COLUMBUS,,,,N049,W 60th St N/S
N051,R084,59 ST COLUMBUS,ABCD1,IND,161,315,,59 St-Columbus Circle,614,59 St - Columbus Circle,,59 ST-COLUMBUS,1698,,,,W 58th St
N052,R188,50 ST,CE,IND,162,,,50 St,162,,,,,,Closed,,N/B W 52nd St
N053,R188,50 ST,CE,IND,162,,,50 St,162,,,,,,Closed,,S/B W 52nd St
N054,R188,50 ST,CE,IND,162,,,50 St,162,,,,,,,N056,N/B W 51st St
N055,R188,50 ST,CE,IND,162,,,50 St,162,,,,,,Closed,,S/B W 51st St
N056,R188,50 ST,CE,IND,162,,,50 St,162,,,,1699,538,,,N/B W 50th St
N057,R188,50 ST,CE,IND,162,,,50 St,162,,,,1700,539,,,S/B W 50th St
N060,R010,42 ST-PORT AUTH,ACENGRS1237W,IND,163,,,42 St-Port Authority Bus Terminal,611,Times Sq - 42 St / Port Authority Bus Terminal,,"42 STREET,42 ST,42 ST-PA BUS TE",,,,,W 44th St
N062,R011,42 ST-PORT AUTH,ACENQRS1237W,IND,163,,,42 St-Port Authority Bus Terminal,611,Times Sq - 42 St / Port Authority Bus Terminal,,"42 STREET,42 ST,42 ST-PA BUS TE",,,,,W 41st St
N062A,R010,42 ST-PORT AUTH,ACENQRS1237W,IND,163,,,42 St-Port Authority Bus Terminal,611,Times Sq - 42 St / Port Authority Bus Terminal,,"42 STREET,42 ST,42 ST-PA BUS TE",2124,,,,W 42nd St
N063,R011,42 ST-PORT AUTH,ACENQRS1237W,IND,163,,,42 St-Port Authority Bus Terminal,611,Times Sq - 42 St / Port Authority Bus Terminal,,"42 STREET,42 ST,42 ST-PA BUS TE",,,,,W 40th St
N063A,R011,42 ST-PORT AUTH,ACENQRS1237W,IND,163,,,42 St-Port Authority Bus Terminal,611,Times Sq - 42 St / Port Authority Bus Terminal,,"42 STREET,42 ST,42 ST-PA BUS TE",,,,,W 40th St N/S
N064,R012,34 ST-PENN STA,ACE,IND,164,,,34 St-Penn Station,164,,,,,,Closed,,W 35th St
N065,R012,34 ST-PENN STA,ACE,IND,164,,,34 St-Penn Station,164,,,,,,Closed,,W 34th St
N067,R012,34 ST-PENN STA,ACE,IND,164,,,34 St-Penn Station,164,,,,2128,324,,,W 33rd St
N067A,R012,34 ST-PENN STA,ACE,IND,164,,,34 St-Penn Station,164,,,,,,Closed,,
N068,R012,34 ST-PENN STA,ACE,IND,164,,,34 St-Penn Station,164,,,,,325,,,N/B W 35th St
N069,R013,34 ST-PENN STA,ACE,IND,164,,,34 St-Penn Station,164,,,,2131,326,,,S/B W 35th St
N070,R012,34 ST-PENN STA,ACE,IND,164,,,34 St-Penn Station,164,,,,,327,,,N/B W 34th St
N071,R013,34 ST-PENN STA,ACE,IND,164,,,34 St-Penn Station,164,,,,,328,,,S/B W 34th St
N072,R012,34 ST-PENN STA,ACE,IND,164,,,34 St-Penn Station,164,,,,,329,,,N/B W 33rd St
N073,R013,34 ST-PENN STA,ACE,IND,164,,,34 St-Penn Station,164,,,,2135,330,,,S/B W 33rd St
N074,R111,23 ST,CE,IND,165,,,23 St,165,,,,,,,N076,N/B W 25th St
N075,R111,23 ST,CE,IND,165,,,23 St,165,,,,,,,,S/B W 25th St
N076,R111,23 ST,CE,IND,165,,,23 St,165,,,,,,,,N/B W 23rd St
N077,R111,23 ST,CE,IND,165,,,23 St,165,,,,1703,542,,,S/B W 23rd St
N078,R175,14 ST,ACEL,IND,166,,,14 St,618,14 St / 8 Av,,,1704,548,,,W 16th St
N079,R175,14 ST,ACEL,IND,166,,,14 St,618,14 St / 8 Av,,,,,,H001,W 15th St
N080,R138,W 4 ST-WASH SQ,ABCDEFM,IND,167,,,W 4 St-Wash Sq,167,,,,1706,518,,,N/B Waverly Pl
N081,R138,W 4 ST-WASH SQ,ABCDEFM,IND,167,,,W 4 St-Wash Sq,167,,,,,,,N080,S/B Waverly Pl
N083,R138,W 4 ST-WASH SQ,ABCDEFM,IND,167,,,W 4 St-Wash Sq,167,,,,1707,563,,,W 3rd St
N084,R282,SPRING ST,CE,IND,168,,,Spring St,168,,,,,,Closed,,N/B Prince St
N085,R282,SPRING ST,CE,IND,168,,,Spring St,168,,,,,,Closed,,S/B Charlton St
N086,R282,SPRING ST,CE,IND,168,,,Spring St,168,,,,,,,,N/B Spring St
N087,R282,SPRING ST,CE,IND,168,,,Spring St,168,,,,1710,,,,S/B Spring St
N087A,R282,SPRING ST,CE,IND,168,,,Spring St,168,,,,,,,N087,S/B Vandam St
N088,R139,CANAL ST,ACE,IND,169,,,Canal St,169,,,,,,,N089,Canal St
N089,R139,CANAL ST,ACE,IND,169,,,Canal St,169,,,,1711,,,,W Broadway
N090,R139,CANAL ST,ACE,IND,169,,,Canal St,169,,,,1712,,,,Walker St
N091,R029,CHAMBERS ST,ACE23,IND,170,,,Chambers St,624,Chambers St / WTC / Park Place / Cortlandt St,,,2136,,,,Chambers St
N092,R029,CHAMBERS ST,ACE23,IND,170,331,,Chambers St,624,Chambers St / WTC / Park Place / Cortlandt St,,,2137,567,,,Park Pl
N094,R029,WORLD TRADE CTR,ACE23,IND,171,,,World Trade Center,624,Chambers St / WTC / Park Place / Cortlandt St,,,2138,,,,Vesey St
N095,R014,FULTON ST,ACJZ2345,IND,172,412,,Fulton St,628,Fulton St,,BROADWAY-NASSAU,2139,,,,Broadway
N095A,R014,FULTON ST,2345ACJZ,IND,172,412,,Fulton St,628,Fulton St,,,2198,,,,Broadway
N098,R028,FULTON ST,2345ACJZ,IND,172,332,,Fulton St,628,Fulton St,,BROADWAY-NASSAU,2168,,,,William St
N100,R252,HIGH ST,AC,IND,173,,,High St,173,,,,,,,,Cadman Plaza W
N101,R252,HIGH ST,AC,IND,173,,,High St,173,,,,,,,,Brooklyn Bridge Blvd
N102,R127,JAY ST-METROTEC,ACF,IND,174,,,Jay St-MetroTech,636,Jay St - MetroTech,,JAY ST-BOROUGH,,,,,Myrtle Ave
N103,R127,JAY ST-METROTEC,ACF,IND,174,,,Jay St-MetroTech,636,Jay St - MetroTech,,JAY ST-BOROUGH,,,,,Willoughby St
N108,R217,HOYT-SCHER,ACG,IND,175,,,Hoyt-Schermerhorn Sts,175,,,HOYT/SCHERMER,1717,,,,Hoyt-Bond Sts
N110,R283,LAFAYETTE AV,C,IND,176,,,Lafayette Av,176,,,LAFAYETTE AVE,1718,,,,S Oxford St
N111,R284,CLINTON-WASH AV,C,IND,177,,,Clinton-Washington Avs,177,,,,1719,,,,N/B Clinton Ave
N111A,R284,CLINTON-WASH AV,C,IND,177,,,Clinton-Washington Avs,177,,,,1720,,,N111,N/B Washington Ave
N112,R284,CLINTON-WASH AV,C,IND,177,,,Clinton-Washington Avs,177,,,,,,,N112A,S/B Clinton Ave
N112A,R284,CLINTON-WASH AV,C,IND,177,,,Clinton-Washington Avs,177,,,,,,,,S/B Washington Ave
N113,R297,FRANKLIN AV,ACS,IND,178,,,Franklin Av,627,Franklin Av,,FRANKLIN AVE,,,,,N/B Franklin Ave
N113A,R297,FRANKLIN AV,ACS,IND,178,,,Franklin Av,627,Franklin Av,,FRANKLIN AVE,,,Closed,,N/B Classon Ave
N114,R297,FRANKLIN AV,ACS,IND,178,139,,Franklin Av,627,Franklin Av,,FRANKLIN AVE,,,,,S/B Franklin Ave
N114A,R297,FRANKLIN AV,ACS,IND,178,,,Franklin Av,627,Franklin Av,,FRANKLIN AVE,,,Closed,,S/B Classon Ave
N115,R198,NOSTRAND AV,AC,IND,179,,,Nostrand Av,179,,,NOSTRAND AVE,,,,N116,Bedford Ave
N116,R198,NOSTRAND AV,AC,IND,179,,,Nostrand Av,179,,,NOSTRAND AVE,,,,,N/B Nostrand Ave
N117,R198,NOSTRAND AV,AC,IND,179,,,Nostrand Av,179,,,NOSTRAND AVE,,,,,S/B Nostrand Ave
N118,R199,KINGSTON-THROOP,C,IND,180,,,Kingston-Throop Avs,180,,,,,,,,S/B Kingston Ave
N119,R199,KINGSTON-THROOP,C,IND,180,,,Kingston-Throop Avs,180,,,,,,,,N/B Throop Ave
N120,R153,UTICA AV,AC,IND,181,,,Utica Av,181,,,UTICA AVE,,,,,Utica Ave
N120A,R153,UTICA AV,AC,IND,181,,,Utica Av,181,,,UTICA AVE,,,,,Stuyvesant Ave
N121B,R438,RALPH AV,C,IND,182,,,Ralph Av,182,,,RALPH AVE,,,,,Ralph Ave
N121C,R438,RALPH AV,C,IND,182,,,Ralph Av,182,,,RALPH AVE,,,Closed,,Howard Ave
N122,R439,ROCKAWAY AV,C,IND,183,,,Rockaway Av,183,,,ROCKAWAY AVE,,,,,Thomad S Boyland St
N123A,R439,ROCKAWAY AV,C,IND,183,,,Rockaway Av,183,,,ROCKAWAY AVE,,,Exit-only,N123B,S/B Rockaway Ave
N123B,R439,ROCKAWAY AV,C,IND,183,,,Rockaway Av,183,,,ROCKAWAY AVE,,,,,N/B Rockaway Ave
N124,R103,BROADWAY JCT,ACJLZ,IND,184,92,132,Broadway Junction,621,Broadway Junction,,BROADWAY-ENY,,,,,Van Sinderen Ave
N125,R440,LIBERTY AV,C,IND,185,,,Liberty Av,185,,,LIBERTY AVE,,,,,Liberty Ave
N126,R441,VAN SICLEN AVE,C,IND,186,,,Van Siclen Av,186,,,VAN SICLEN AV,,,,,Van Siclen Ave
N127,R442,SHEPHERD AV,C,IND,187,,,Shepherd Av,187,,,SHEPHERD AVE,,,,,Shepherd Ave
N128,R200,EUCLID AV,AC,IND,188,,,Euclid Av,188,,,EUCLID AVE,,,,,Euclid Ave
N129,R382,GRANT AV,A,IND,189,,,Grant Av,189,,,GRANT AVE,,,,,Grant Ave
N130,R383,80 ST,A,IND,190,,,80 St,190,,,HUDSON-80 ST,,,,,77th St
N131,R383,80 ST,A,IND,190,,,80 St,190,,,HUDSON-80 ST,,,,,80th St
N132,R384,88 ST,A,IND,191,,,88 St,191,,,BOYD-88 ST,,,Closed,,86th St
N133,R384,88 ST,A,IND,191,,,88 St,191,,,BOYD-88 ST,,,,,88th St
N134,R385,ROCKAWAY BLVD,A,IND,192,,,Rockaway Blvd,192,,,,,,,,94th St
N135,R385,ROCKAWAY BLVD,A,IND,192,,,Rockaway Blvd,192,,,,,,,,96th St
N136,R354,104 ST,A,IND,193,,,104 St,193,,,OXFORD-104 ST,,,,N137,102nd St
N137,R354,104 ST,A,IND,193,,,104 St,193,,,OXFORD-104 ST,,,,,104th St
N138,R355,111 ST,A,IND,194,,,111 St,194,,,GREENWOOD-111,,,,,109th St
N139,R355,111 ST,A,IND,194,,,111 St,194,,,GREENWOOD-111,,,,,111th St
N141,R356,OZONE PK LEFFRT,A,IND,195,,,Ozone Park-Lefferts Blvd,195,,,LEFFERTS BLVD,,,,,Lefferts Blvd
N181,R357,AQUEDUCT N.COND,A,IND,197,,,Aqueduct-N Conduit Av,197,,,AQUEDUCT-N CNDT,,,Closed,,N Conduit Ave
N181A,R464,AQUEDUCT RACETR,A,IND,196,,,Aqueduct Racetrack,196,,,"AQUEDUCT,AQUEDUCT TRACK",,,,,N/B Pitkin Ave
N182,R414,HOWARD BCH JFK,A,IND,198,,,Howard Beach-JFK Airport,198,,,HOWARD BCH-JFK,,,,,
N182A,R414,HOWARD BCH JFK,A,IND,198,,,Howard Beach-JFK Airport,198,,,HOWARD BCH-JFK,,,Closed,,
N183,R415,BROAD CHANNEL,AS,IND,199,,,Broad Channel,199,,,,,,Closed,,Noel Rd
N184,R416,BEACH 90 ST,AS,IND,200,,,Beach 90 St,200,,,HOLLAND-B 90 ST,,,,,Beach 90th St
N185,R417,BEACH 98 ST,AS,IND,201,,,Beach 98 St,201,,,PLAYLAND-B 98,,,,,Beach 98th St
N186,R418,BEACH 105 ST,AS,IND,202,,,Beach 105 St,202,,,SEASIDE-B 105,,,,,Beach 105th St
N187,R419,ROCKAWAY PARK B,AS,IND,203,,,Rockaway Park-Beach 116 St,203,,,ROCKAWAY PK 116,,,,,Beach 116th St
N191,R335,BEACH 67 ST,A,IND,204,,,Beach 67 St,204,,,GASTON AV,,,,,Beach 67th St
N192,R336,BEACH 60 ST,A,IND,205,,,Beach 60 St,205,,,STRAITON AV,,,,,Beach 59th St
N193,R337,BEACH 44 ST,A,IND,206,,,Beach 44 St,206,,,FRANK AV,,,,,Beach 44th St
N194,R338,BEACH 36 ST,A,IND,207,,,Beach 36 St,207,,,EDGMERE,,,,,Beach 36th St
N195,R358,BEACH 25 ST,A,IND,208,,,Beach 25 St,208,,,WAVECREST-B 25,,,,,Beach 25th St
N196,R285,FAR ROCKAWAY,A,IND,209,,,Far Rockaway-Mott Av,209,,,,,,,,Mott Ave
N201,R315,155 ST,BD,IND,220,,,155 St,220,,,,,,Closed,,Edgecomb Ave
N202,R315,155 ST,BD,IND,220,,,155 St,220,,,,,,,,Frederick Douglass Blvd
N203,R195,161/YANKEE STAD,BD4,IND,219,,,161 St-Yankee Stadium,604,161 St - Yankee Stadium,,161 ST-YANKEE,,340,,,River Ave
N204,R195,161/YANKEE STAD,BD4,IND,219,,,161 St-Yankee Stadium,604,161 St - Yankee Stadium,,161 ST-YANKEE,,,Closed,,
N205,R195,161/YANKEE STAD,BD4,IND,219,,,161 St-Yankee Stadium,604,161 St - Yankee Stadium,,161 ST-YANKEE,,,,,Walton Ave
N206,R104,167 ST,BD,IND,218,,,167 St,218,,,,,,,,S/B McClellan St
N206A,R104,167 ST,BD,IND,218,,,167 St,218,,,,,,Exit-only,N206,N/B McClellan St
N207,R104,167 ST,BD,IND,218,,,167 St,218,,,,,,,,E 167th St
N208,R443,170 ST,BD,IND,217,,,170 St,217,,,,,,,,S/B E 170th St
N208A,R443,170 ST,BD,IND,217,,,170 St,217,,,,,,Exit-only,N208,N/B E 170th St
N209,R443,170 ST,BD,IND,217,,,170 St,217,,,,,,,,E 171st St
N210,R253,174-175 STS,BD,IND,216,,,174-175 Sts,216,,,174-175 ST,,,,,E 174th St
N211,R253,174-175 STS,BD,IND,216,,,174-175 Sts,216,,,174-175 ST,,,Closed,,E 175th St LL
N212,R253,174-175 STS,BD,IND,216,,,174-175 Sts,216,,,174-175 ST,,,,,E 175th St
N213,R154,TREMONT AV,BD,IND,215,,,Tremont Av,215,,,TREMONT AVE,,,,,Echo Pl
N214,R154,TREMONT AV,BD,IND,215,,,Tremont Av,215,,,TREMONT AVE,,,,N213,E 179th St
N215,R237,182-183 STS,BD,IND,214,,,182-183 Sts,214,,,182-183 ST,,,,,E 182nd St
N215A,R237,182-183 STS,BD,IND,214,,,182-183 Sts,214,,,182-183 ST,,,Closed,,Anthony Ave
N216,R237,182-183 STS,BD,IND,214,,,182-183 Sts,214,,,182-183 ST,,,Closed,,E 183rd St
N217,R112,FORDHAM RD,BD,IND,213,,,Fordham Rd,213,,,FORDHAM ROAD,,,,,E 188th St
N218,R112,FORDHAM RD,BD,IND,213,,,Fordham Rd,213,,,FORDHAM ROAD,,,,,E Fordham Rd E/S
N219,R112,FORDHAM RD,BD,IND,213,,,Fordham Rd,213,,,FORDHAM ROAD,,,Closed,,E Fordham Rd W/S
N220,R155,KINGSBRIDGE RD,BD,IND,212,,,Kingsbridge Rd,212,,,,,,,,E Kingsbridge Rd
N221,R155,KINGSBRIDGE RD,BD,IND,212,,,Kingsbridge Rd,212,,,,,,,,E 196th St
N222,R156,BEDFORD PK BLVD,BD,IND,211,,,Bedford Park Blvd,211,,,BEDFORD PARK BL,,,,,Bedford Park Blvd
N223,R156,BEDFORD PK BLVD,BD,IND,211,,,Bedford Park Blvd,211,,,BEDFORD PARK BL,,,,,E 203rd St
N224,R157,NORWOOD 205 ST,D,IND,210,,,Norwood-205 St,210,,,"205 ST,NORWOOD-205 ST",,,,,Bainbridge Ave
N225,R157,NORWOOD 205 ST,D,IND,210,,,Norwood-205 St,210,,,"205 ST,NORWOOD-205 ST",,,,,Perry Ave
N300,R113,7 AV,BDE,IND,277,,,7 Av,277,,,7 AVE-53 ST,1782,498,,,Broadway
N301,R113,7 AV,BDE,IND,277,,,7 Av,277,,,7 AVE-53 ST,,499,,,7th Ave
N303,R015,5 AV/53 ST,EM,IND,276,,,5 Av/53 St,276,,,"FIFTH AVE,5 AVE-53 ST",2141,765,,,5th Ave
N304,R015,5 AV/53 ST,EM,IND,276,,,5 Av/53 St,276,,,"FIFTH AVE,5 AVE-53 ST",,766,,,Madison Ave
N304A,R015,5 AV/53 ST,EM,IND,276,,,5 Av/53 St,276,,,"FIFTH AVE,5 AVE-53 ST",,,,N304,Madison Ave NE cnr
N305,R017,LEXINGTON AV/53,EM6,IND,275,,,Lexington Av/53 St,612,51 St - Lexington Av / 53 St,,"LEXINGTON-3RD,LEXINGTON-53 ST",,,,,Lexington Ave
N305A,R016,LEXINGTON AV/53,EM6,IND,275,401,,Lexington Av/53 St,612,51 St - Lexington Av / 53 St,,"LEXINGTON-3RD,LEXINGTON-53 ST",,,,,E 52nd St
N305B,R016,LEXINGTON AV/53,EM6,IND,275,401,,Lexington Av/53 St,612,51 St - Lexington Av / 53 St,,"LEXINGTON-3RD,LEXINGTON-53 ST",,,,N305A,E 52nd St N/S
N306,R017,LEXINGTON AV/53,EM6,IND,275,,,Lexington Av/53 St,612,51 St - Lexington Av / 53 St,,"LEXINGTON-3RD,LEXINGTON-53 ST",,,,,3rd Ave E/S
N306A,R017,LEXINGTON AV/53,EM6,IND,275,,,Lexington Av/53 St,612,51 St - Lexington Av / 53 St,,"LEXINGTON-3RD,LEXINGTON-53 ST",,,,N306,3rd Ave W/S
N307,R359,COURT SQ-23 ST,EMG,IND,274,,,Court Sq-23 St,606,Court Sq - 23 St,,23 ST-ELY AV,,,,,21st St
N308,R359,COURT SQ-23 ST,EMG,IND,274,,,Court Sq-23 St,606,Court Sq - 23 St,,23 ST-ELY AV,,,,N307,23rd St
N309A,R140,QUEENS PLAZA,EMR,IND,273,,,Queens Plaza,273,,,,,,,,Queens Blvd
N310,R140,QUEENS PLAZA,EMR,IND,273,,,Queens Plaza,273,,,,,,,,41st Ave
N311,R339,36 ST,MR,IND,272,,,36 St,272,,,,,,,,N/B 34th St
N312,R339,36 ST,MR,IND,272,,,36 St,272,,,,,,,,S/B 35th St
N312A,R339,36 ST,MR,IND,272,,,36 St,272,,,,,,,N312,S/B 36th St
N313,R339,36 ST,MR,IND,272,,,36 St,272,,,,,,,N311,N/B 36th St
N314,R238,STEINWAY ST,MR,IND,271,,,Steinway St,271,,,,,,,,34th Ave
N315,R238,STEINWAY ST,MR,IND,271,,,Steinway St,271,,,,,,,,Broadway
N316,R267,46 ST,MR,IND,270,,,46 St,270,,,,,,,,S/B 46th St
N316A,R267,46 ST,MR,IND,270,,,46 St,270,,,,,,,,S/B 48th St
N317,R267,46 ST,MR,IND,270,,,46 St,270,,,,,,,,N/B 46th St
N318,R298,NORTHERN BLVD,MR,IND,269,,,Northern Blvd,269,,,,,,,,S/B Northern Blvd
N319,R298,NORTHERN BLVD,MR,IND,269,,,Northern Blvd,269,,,,,,,,N/B Northern Blvd
N322,R340,65 ST,MR,IND,268,,,65 St,268,,,,,,,,65th St
N323,R018,JKSN HT-ROOSVLT,EFMR7,IND,267,,,Jackson Hts-Roosevelt Av,616,Jackson Hts-Roosevelt Av / 74 St,,ROOSEVELT AVE,,,,,37th Rd
N324,R018,JKSN HT-ROOSVLT,EFMR7,IND,267,,,Jackson Hts-Roosevelt Av,616,Jackson Hts-Roosevelt Av / 74 St,,ROOSEVELT AVE,,,,,Roosevelt Ave
N325A,R218,ELMHURST AV,MR,IND,266,,,Elmhurst Av,266,,,ELMHURST AVE,,,,,Britton-Elmhurst Aves
N327,R254,GRAND-NEWTOWN,MR,IND,265,,,Grand Av-Newtown,265,,,GRAND AV-NEWTON,,,,,Broadway
N329,R201,WOODHAVEN BLVD,MR,IND,264,,,Woodhaven Blvd,264,,,,,,,,Woodhaven Blvd
N329A,R201,WOODHAVEN BLVD,MR,IND,264,,,Woodhaven Blvd,264,,,,,,,,Horace Harding Blvd
N330,R202,63 DR-REGO PARK,MR,IND,263,,,63 Dr-Rego Park,263,,,,,,,,63rd Dr
N330B,R202,63 DR-REGO PARK,MR,IND,263,,,63 Dr-Rego Park,263,,,,,,Closed,,64th Ave
N330C,R202,63 DR-REGO PARK,MR,IND,263,,,63 Dr-Rego Park,263,,,,,,,,63rd Rd
N331,R219,67 AV,MR,IND,262,,,67 Av,262,,,67 AVE,,,,,67th Ave
N332,R219,67 AV,MR,IND,262,,,67 Av,262,,,67 AVE,,,,,67th Dr
N333,R141,FOREST HILLS 71,EFMR,IND,261,,,Forest Hills-71 Av,261,,,"71 ST-CONTINENT,FOREST HILLS-71",,,,,70th Rd
N333A,R141,FOREST HILLS 71,EFMR,IND,261,,,Forest Hills-71 Av,261,,,"71 ST-CONTINENT,FOREST HILLS-71",,,,,71st Ave W/S
N333B,R141,FOREST HILLS 71,EFMR,IND,261,,,Forest Hills-71 Av,261,,,"71 ST-CONTINENT,FOREST HILLS-71",,,,,71st Ave E/S
N334B,R341,75 AV,EF,IND,260,,,75 Av,260,,,75 AVE,,,,,75th Ave-75th Rd
N335,R158,KEW GARDENS,EF,IND,259,,,Kew Gardens-Union Tpke,259,,,UNION TPK-KEW G,,,,,78th Ave
N336,R158,KEW GARDENS,EF,IND,259,,,Kew Gardens-Union Tpke,259,,,UNION TPK-KEW G,,,,,80th Rd
N337,R255,BRIARWOOD,EF,IND,258,,,Briarwood,258,,,VAN WYCK BLVD,,,,,Main St
N338,R128,SUTPHIN BLVD,F,IND,257,,,Sutphin Blvd,257,,,,,,,,Sutphin Blvd
N338B,R128,SUTPHIN BLVD,F,IND,257,,,Sutphin Blvd,257,,,,,,,,144th St
N339,R114,PARSONS BLVD,F,IND,256,,,Parsons Blvd,256,,,,,,,,Parsons Blvd
N339A,R114,PARSONS BLVD,F,IND,256,,,Parsons Blvd,256,,,,,,,,153rd St
N340,R115,169 ST,F,IND,255,,,169 St,255,,,,,,,,168th St
N340A,R115,169 ST,F,IND,255,,,169 St,255,,,,,,,,169th St
N342,R019,JAMAICA 179 ST,F,IND,254,,,Jamaica-179 St,254,,,"179 STREET,JAMAICA-179 ST",,,,,168th St
N343,R019,JAMAICA 179 ST,F,IND,254,,,Jamaica-179 St,254,,,"179 STREET,JAMAICA-179 ST",,,,,169th St
N400,R359,COURT SQ,EMG,IND,281,,,Court Sq,606,Court Sq - 23 St,,,,,,N400A,Pearson St
N400A,R359,COURT SQ,EMG,IND,281,274,,Court Sq,606,Court Sq - 23 St,,,,,,,23rd St
N401,R360,21 ST,G,IND,282,,,21 St,282,,,VAN ALSTON-21ST,,1162,,,21st St
N402,R360,21 ST,G,IND,282,,,21 St,282,,,,,,Closed,,11th St
N403,R239,GREENPOINT AV,G,IND,283,,,Greenpoint Av,283,,,GREENPOINT AVE,,,,N405,S/B India St
N404,R239,GREENPOINT AV,G,IND,283,,,Greenpoint Av,283,,,GREENPOINT AVE,,,,N405,N/B India St
N405,R239,GREENPOINT AV,G,IND,283,,,Greenpoint Av,283,,,GREENPOINT AVE,,,,,Greenpoint Ave
N406,R256,NASSAU AV,G,IND,284,,,Nassau Av,284,,,NASSAU ST,,,,N408A,S/B Norman Ave
N407,R256,NASSAU AV,G,IND,284,,,Nassau Av,284,,,NASSAU ST,,,,N408A,N/B Norman Ave
N408,R256,NASSAU AV,G,IND,284,,,Nassau Av,284,,,NASSAU ST,,,,N408A,Nassau Ave W/S
N408A,R256,NASSAU AV,G,IND,284,,,Nassau Av,284,,,NASSAU ST,,1155,,,Nassau Ave E/S
N409,R268,METROPOLITAN AV,GL,IND,285,,,Metropolitan Av,629,Metropolitan Av / Lorimer St,,,1824,,,,Metropolitan Ave
N410,R268,METROPOLITAN AV,GL,IND,285,,,Metropolitan Av,629,Metropolitan Av / Lorimer St,,,,,,N409,Powers St
N411,R299,BROADWAY,G,IND,286,,,Broadway,286,,,,,,Closed,,Montrose Ave
N412,R299,BROADWAY,G,IND,286,,,Broadway,286,,,,,,,,Broadway
N414,R316,FLUSHING AV,G,IND,287,,,Flushing Av,287,,,FLUSHING AVE,,,,,S/B Flushing Ave
N414A,R316,FLUSHING AV,G,IND,287,,,Flushing Av,287,,,FLUSHING AVE,,,,,N/B Gerry St
N415,R286,MYRTLE-WILLOUGH,G,IND,288,,,Myrtle-Willoughby Avs,288,,,,,,,,S/B Myrtle Ave
N415A,R286,MYRTLE-WILLOUGH,G,IND,288,,,Myrtle-Willoughby Avs,288,,,,,,Closed,,S/B Willoughby Ave
N416,R286,MYRTLE-WILLOUGH,G,IND,288,,,Myrtle-Willoughby Avs,288,,,,,,,,N/B Myrtle Ave
N416A,R286,MYRTLE-WILLOUGH,G,IND,288,,,Myrtle-Willoughby Avs,288,,,,,,Closed,,N/B Willoughby Ave
N417,R269,BEDFORD-NOSTRAN,G,IND,289,,,Bedford-Nostrand Avs,289,,,"BEDFORD/NOSTREN,BEDFORD/NOSTRAN",,,,,Nostrand Ave
N418,R269,BEDFORD-NOSTRAN,G,IND,289,,,Bedford-Nostrand Avs,289,,,"BEDFORD/NOSTREN,BEDFORD/NOSTRAN",,,,,Bedford Ave
N419,R287,CLASSON AV,G,IND,290,,,Classon Av,290,,,CLASSON AVE,,,,,Classon Ave
N420B,R317,CLINTON-WASH AV,G,IND,291,,,Clinton-Washington Avs,291,,,,,,,,Washington Ave
N421,R318,FULTON ST,G,IND,292,,,Fulton St,292,,,,,,Closed,,S Portland Ave
N422,R318,FULTON ST,G,IND,292,,,Fulton St,292,,,,,1140,,,Fulton St
N422A,R318,FULTON ST,G,IND,292,,,Fulton St,292,,,,,,,N422,N/B S Portland Ave
N422B,R318,FULTON ST,G,IND,292,,,Fulton St,292,,,,,,,N422,S/B S Portland Ave
N500,R020,47-50 STS ROCK,BDFM,IND,225,,,47-50 Sts-Rockefeller Ctr,225,,,47-50 ST-ROCK,2150,500,,,W 49th St
N500A,R020,47-50 STS ROCK,BDFM,IND,225,,,47-50 Sts-Rockefeller Ctr,225,,,47-50 ST-ROCK,,,,N500,W 48th-W 49th Sts
N500B,R020,47-50 STS ROCK,BDFM,IND,225,,,47-50 Sts-Rockefeller Ctr,225,,,47-50 ST-ROCK,,,Closed,,W 48th-W 49th Sts S/S
N501,R020,47-50 STS ROCK,BDFM,IND,225,,,47-50 Sts-Rockefeller Ctr,225,,,47-50 ST-ROCK,2151,502,,,W 47th St
N501A,R020,47-50 STS ROCK,BDFM,IND,225,,,47-50 Sts-Rockefeller Ctr,225,,,47-50 ST-ROCK,2152,501,,,W 48th St
N502,R021,42 ST-BRYANT PK,BDFM7,IND,226,,,42 St-Bryant Pk,609,42 St - Bryant Pk / 5 Av,,42 STREET,2153,504,,,W 42nd St N/S
N503,R021,42 ST-BRYANT PK,BDFM7,IND,226,,,42 St-Bryant Pk,609,42 St - Bryant Pk / 5 Av,,42 STREET,2154,505,,,W 42nd St S/S
N504,R021,42 ST-BRYANT PK,BDFM7,IND,226,,,42 St-Bryant Pk,609,42 St - Bryant Pk / 5 Av,,42 STREET,2155,506,,,W 40th St
N505,R022,34 ST-HERALD SQ,BDFMNQRW,IND,227,12,,34 St-Herald Sq,607,34 St - Herald Sq,,34 STREET,,509,,,W 35th St
N505A,R022,34 ST-HERALD SQ,BDFMNQRW,IND,227,12,,34 St-Herald Sq,607,34 St - Herald Sq,,34 STREET,,,,N505,W 34th-W 35th St
N506,R022,34 ST-HERALD SQ,BDFMNQRW,IND,227,12,,34 St-Herald Sq,607,34 St - Herald Sq,,34 STREET,,,,,W 34th St W/S
N507,R023,34 ST-HERALD SQ,BDFMNQRW,IND,227,,,34 St-Herald Sq,607,34 St - Herald Sq,,34 STREET,,,,,W 33rd St
N508,R453,23 ST,FM,IND,228,,,23 St,228,,,"23RD STREET,23 ST-6 AVE",,516,,,S/B W 23rd St
N509,R203,23 ST,FM,IND,228,,,23 St,228,,,"23RD STREET,23 ST-6 AVE",,,,,N/B W 23rd St
N510,R163,14 ST,FLM123,IND,229,,,14 St,601,14 St / 6 Av,,14 ST-6 AVE,,,,,N/B W 16th St
N511,R163,14 ST,FLM123,IND,229,,,14 St,601,14 St / 6 Av,,14 ST-6 AVE,1838,,,,S/B W 16th St
N512,R163,14 ST,FLM123,IND,229,,,14 St,601,14 St / 6 Av,,14 ST-6 AVE,,,,,S/B W 14th St
N513,R163,14 ST,FLM123,IND,229,,,14 St,601,14 St / 6 Av,,14 ST-6 AVE,,,,,N/B W 14th St
N519,R461,B'WAY-LAFAYETTE,BDFQ6,IND,230,,,Broadway-Lafayette St,619,Broadway-Lafayette St / Bleecker St,,BROADWAY/LAFAY,,11,,,Broadway
N519A,R461,B'WAY-LAFAYETTE,BDFQ6,IND,230,408,,Broadway-Lafayette St,619,Broadway-Lafayette St / Bleecker St,,BROADWAY/LAFAY,1842,12,,,Lafayette St
N520,R240,GRAND ST,BD,IND,231,,,Grand St,231,,,,,1139,,,Grand St
N521,R300,2 AV,F,IND,232,,,2 Av,232,,,2 AVE,,,,,2nd Ave
N522,R300,2 AV,F,IND,232,,,2 Av,232,,,2 AVE,,,Closed,,Forsyth St
N523,R300,2 AV,F,IND,232,,,2 Av,232,,,2 AVE,,,,,1st Ave
N524,R142,DELANCEY/ESSEX,FJMZ,IND,233,,,Delancey St-Essex St,625,Delancey St / Essex St,,DELANCEY ST,,,Closed,,Rivington St
N525,R142,DELANCEY/ESSEX,FJMZ,IND,233,102,,Delancey St-Essex St,625,Delancey St / Essex St,,DELANCEY ST,,883,,,Delancey St N/S
N526,R142,DELANCEY/ESSEX,FJMZ,IND,233,102,,Delancey St-Essex St,625,Delancey St / Essex St,,DELANCEY ST,1847,,,,Delancey St S/S
N526A,R142,DELANCEY/ESSEX,FJMZ,IND,233,102,,Delancey St-Essex St,625,Delancey St / Essex St,,DELANCEY ST,,,Exit-only,N526,Delancey St S/S
N527,R142,DELANCEY/ESSEX,FJMZ,IND,233,,,Delancey St-Essex St,625,Delancey St / Essex St,,DELANCEY ST,,,Closed,,Broome St
N528,R257,EAST BROADWAY,F,IND,234,,,East Broadway,234,,,,,,,,E Broadway
N529,R257,EAST BROADWAY,F,IND,234,,,East Broadway,234,,,,,,,,Madison St
N530,R301,YORK ST,F,IND,235,,,York St,235,,,,,,,,York St
N531,R129,BERGEN ST,FG,IND,236,,,Bergen St,236,,,,,,,,S/B Bergen St
N531A,R129,BERGEN ST,FG,IND,236,,,Bergen St,236,,,,,,,N531,S/B Warren St
N532,R129,BERGEN ST,FG,IND,236,,,Bergen St,236,,,,,1131,,,N/B Bergen St
N533,R129,BERGEN ST,FG,IND,236,,,Bergen St,236,,,,,,,,N/B Warren St
N534,R220,CARROLL ST,FG,IND,237,,,Carroll St,237,,,,,,,,N/B President St
N534A,R220,CARROLL ST,FG,IND,237,,,Carroll St,237,,,,,,,N534,S/B President St
N535,R220,CARROLL ST,FG,IND,237,,,Carroll St,237,,,,,,,,2nd Pl
N536,R270,SMITH-9 ST,FG,IND,238,,,Smith-9 Sts,238,,,SMITH/9 ST,,,,,9th St
N537,R258,4 AV-9 ST,DFGMNR,IND,239,29,,4 Av-9 St,608,4 Av - 9 St,,4 AVE,,,,,4th Ave
N539,R288,7 AV,FG,IND,240,,,7 Av,240,,,7 AV-PARK SLOPE,,,,,7th Ave
N539A,R288,7 AV,FG,IND,240,,,7 Av,240,,,7 AV-PARK SLOPE,,,Closed,,7th-8th Aves
N541,R241,15 ST-PROSPECT,FG,IND,241,,,15 St-Prospect Park,241,,,,1859,,,,Prospect Park SW
N542,R241,15 ST-PROSPECT,FG,IND,241,,,15 St-Prospect Park,241,,,,,,,,Windsor Pl
N543,R289,FT HAMILTON PKY,FG,IND,242,,,Fort Hamilton Pkwy,242,,,,,,,,Greenwood Ave
N544,R289,FT HAMILTON PKY,FG,IND,242,,,Fort Hamilton Pkwy,242,,,,,,,,Fort Hamilton Pkwy
N545,R204,CHURCH AV,FG,IND,243,,,Church Av,243,,,CHURCH AVE,,,,,Albemarle Rd
N546,R204,CHURCH AV,FG,IND,243,,,Church Av,243,,,CHURCH AVE,,,,,Church Ave
N547,R420,DITMAS AV,F,IND,244,,,Ditmas Av,244,,,DITMAS AVE,,,,,Cortelyou Rd
N548,R420,DITMAS AV,F,IND,244,,,Ditmas Av,244,,,DITMAS AVE,,,,,Ditmas Ave
N549,R242,18 AV,F,IND,245,,,18 Av,245,,,18 AVE,,,,,18th Ave
N550,R242,18 AV,F,IND,245,,,18 Av,245,,,18 AVE,,,,,Lawrence Ave
N551,R421,AVENUE I,F,IND,246,,,Avenue I,246,,,"AVI, AVE I",,,,,Avenue I
N552,R421,AVENUE I,F,IND,246,,,Avenue I,246,,,"AVI, AVE I",,,,N551,Avenue J
N553,R422,BAY PKWY,F,IND,247,,,Bay Pkwy,247,,,"22 AV-BAY PKY,22 AVE-BAY PKY",,,,,Bay Pkwy
N554,R423,AVENUE N,F,IND,248,,,Avenue N,248,,,"AV N,AVE N",,,,,Avenue M
N555,R423,AVENUE N,F,IND,248,,,Avenue N,248,,,"AV N,AVE N",,,,,Avenue N
N556,R424,AVENUE P,F,IND,249,,,Avenue P,249,,,AVE P,,,,,Avenue P
N557,R130,KINGS HWY,F,IND,250,,,Kings Hwy,250,,,KINGS HIGHWAY,,,,,Kings Hwy
N558,R130,KINGS HWY,F,IND,250,,,Kings Hwy,250,,,KINGS HIGHWAY,,,,,Avenue S
N559,R425,AVENUE U,F,IND,251,,,Avenue U,251,,,AVE U,,,,,Avenue U
N560,R425,AVENUE U,F,IND,251,,,Avenue U,251,,,AVE U,,,,N559,Gravesend Neck Rd
N561,R271,AVENUE X,F,IND,252,,,Avenue X,252,,,AVE X,,,,,Avenue X
N562,R426,NEPTUNE AV,F,IND,253,,,Neptune Av,253,,,NEPTUNE AVE,,,,,Neptune Ave
N600,R302,57 ST,F,IND,224,,,57 St,224,,,,,809,,,W 57th St
N601,R319,LEXINGTON AV/63,F,IND,223,,,Lexington Av/63 St,223,,,"LEXINGTON AV,LEXINGTON AVE",,,,,Lexington Ave
N601A,R319,LEXINGTON AV/63,F,IND,223,,,Lexington Av/63 St,223,,,"LEXINGTON AV,LEXINGTON AVE",,,,,3rd Ave
N602,R259,ROOSEVELT ISLND,F,IND,222,,,Roosevelt Island,222,,,ROOSEVELT IS,,,,,West Rd
N603,R303,21 ST-QNSBRIDGE,F,IND,221,,,21 St-Queensbridge,221,,,21 ST,,,,,21st St
N604,R342,JAMAICA VAN WK,E,IND,280,,,Jamaica-Van Wyck,280,,,JAMAICA-VAN WYC,,,,,Jamaica Ave
N605,R024,SUTPHIN-ARCHER,EJZ,IND,279,,,Sutphin Blvd-Archer Av-JFK Airport,279,,,SUTPHIN BLVD,,,,,Sutphin Blvd
N606,R025,JAMAICA CENTER,EJZ,IND,278,,,Jamaica Center-Parsons/Archer,278,,,,,,,,Parsons Blvd
N607,R025,JAMAICA CENTER,EJZ,IND,278,,,Jamaica Center-Parsons/Archer,278,,,,,,,,158th St
N700,R570,72 ST-2 AVE,Q,IND,477,,,72 St,477,,,,,701,,,E 72nd St
N700A,R570,72 ST-2 AVE,Q,IND,477,,,72 St,477,,,,,702,,,E 69th St
N701,R571,86 ST-2 AVE,Q,IND,476,,,86 St,476,,,,,,,,E 86th St
N701A,R571,86 ST-2 AVE,Q,IND,476,,,86 St,476,,,,,,,,E 83rd St
N702,R572,96 ST-2 AVE,Q,IND,475,,,96 St,475,,,,,,,,E 96th St
N702A,R572,96 ST-2 AVE,Q,IND,475,,,96 St,475,,,,,,,,E 94th St
R101,R001,SOUTH FERRY,1RW,IRT,330,,,South Ferry,635,South Ferry / Whitehall,,,,,,,South St
R101S,R001,SOUTH FERRY,RW1,IRT,330,,,South Ferry,635,South Ferry / Whitehall,,,,,Closed,,
R102,R304,RECTOR ST,1,IRT,329,,,Rector St,329,,,,,,,,N/B Rector St
R103,R304,RECTOR ST,1,IRT,329,,,Rector St,329,,,,,,,,S/B Rector St
R106,R305,WTC-CORTLANDT,1,IRT,328,,,WTC Cortlandt,328,,,CORTLANDT ST,,364,Closed,,S/B Vesey St
R107,R305,WTC-CORTLANDT,1,IRT,328,,,WTC Cortlandt,328,,,CORTLANDT ST,,365,,,N/B Fulton St
R107D,R305,WTC-CORTLANDT,1,IRT,328,,,WTC Cortlandt,328,,,CORTLANDT ST,,366,,,Fulton St
R108,R305,WTC-CORTLANDT,1,IRT,328,,,WTC Cortlandt,328,,,CORTLANDT ST,,367,,,S/B Cortlandt St
R108A,R305,WTC-CORTLANDT,1,IRT,328,,,WTC Cortlandt,328,,,CORTLANDT ST,,368,,,S/B Dey St
R109,R305,WTC-CORTLANDT,1,IRT,328,,,WTC Cortlandt,328,,,CORTLANDT ST,,369,,,N/B Cortlandt St
R110,R027,WALL ST,23,IRT,333,,,Wall St,333,,,,,703,,,Wall St S/S
R111,R027,WALL ST,23,IRT,333,,,Wall St,333,,,,2164,704,,,Wall St N/S
R112,R027,WALL ST,23,IRT,333,,,Wall St,333,,,,2165,705,,,Pine St
R112A,R027,WALL ST,23,IRT,333,,,Wall St,333,,,,,706,,,Cedar St
R113,R028,FULTON ST,2345ACJZ,IRT,332,,,Fulton St,628,Fulton St,,FULTON STREET,,,,,John St
R113A,R028,FULTON ST,2345ACJZ,IRT,332,,,Fulton St,628,Fulton St,,FULTON STREET,,,,N098,Fulton St
R114,R028,FULTON ST,2345ACJZ,IRT,332,,,Fulton St,628,Fulton St,,FULTON STREET,,,,,Ann St
R115,R029,PARK PLACE,23ACE,IRT,331,,,Park Place,624,Chambers St / WTC / Park Place / Cortlandt St,,,,,,,Broadway
R116,R030,CHAMBERS ST,123,IRT,327,,,Chambers St,327,,,,,370,,,Chambers St
R117,R343,FRANKLIN ST,1,IRT,326,,,Franklin St,326,,,,1890,371,,,N/B Franklin St
R118,R343,FRANKLIN ST,1,IRT,326,,,Franklin St,326,,,,,372,,,S/B Franklin St
R119,R320,CANAL ST,1,IRT,325,,,Canal St,325,,,,,375,,,N/B Canal St
R120,R320,CANAL ST,1,IRT,325,,,Canal St,325,,,,,376,,,S/B Canal St
R121,R290,HOUSTON ST,1,IRT,324,,,Houston St,324,,,,,,,,N/B King St
R122,R290,HOUSTON ST,1,IRT,324,,,Houston St,324,,,,,,,,S/B King St
R123,R290,HOUSTON ST,1,IRT,324,,,Houston St,324,,,,,,,,N/B W Houston St
R124,R290,HOUSTON ST,1,IRT,324,,,Houston St,324,,,,,,,,S/B W Houston St
R125,R189,CHRISTOPHER ST,1,IRT,323,,,Christopher St-Sheridan Sq,323,,,,1898,381,,,N/B Grove St
R126,R189,CHRISTOPHER ST,1,IRT,323,,,Christopher St-Sheridan Sq,323,,,,,382,,,S/B Christopher St
R127,R105,14 ST,123FLM,IRT,322,,,14 St,601,14 St / 6 Av,,,,383,,,W 14th St
R128,R105,14 ST,123FLM,IRT,322,,,14 St,601,14 St / 6 Av,,,,388,,,W 12th St
R129,R321,18 ST,1,IRT,321,,,18 St,321,,,,,,,,N/B W 18th St
R130,R321,18 ST,1,IRT,321,,,18 St,321,,,,,,,,S/B W 18th St
R131,R190,23 ST,1,IRT,320,,,23 St,320,,,,1904,,,,N/B W 23rd St
R132,R190,23 ST,1,IRT,320,,,23 St,320,,,,1905,,,,S/B W 23rd St
R133,R272,28 ST,1,IRT,319,,,28 St,319,,,,1906,,,,N/B W 28th St
R134,R272,28 ST,1,IRT,319,,,28 St,319,,,,1907,,,,S/B W 28th St
R135,R031,34 ST-PENN STA,123,IRT,318,,,34 St-Penn Station,318,,,,,317,,,W 32nd St
R137,R031,34 ST-PENN STA,123,IRT,318,,,34 St-Penn Station,318,,,,,318,Closed,,N/B W 32nd St
R138,R293,34 ST-PENN STA,123ACE,IRT,318,,,34 St-Penn Station,318,,,,2173,319,,,W 33rd St
R139,R031,34 ST-PENN STA,123,IRT,318,,,34 St-Penn Station,318,,,,,320,,,N/B W 33rd St
R140,R293,34 ST-PENN STA,123ACE,IRT,318,,,34 St-Penn Station,318,,,,,,Closed,R138,S/B W 33rd St
R141,R031,34 ST-PENN STA,123,IRT,318,,,34 St-Penn Station,318,,,,,321,,,N/B W 34th St
R142,R293,34 ST-PENN STA,123ACE,IRT,318,,,34 St-Penn Station,318,,,,,322,,,S/B W 34th St
R143,R032,TIMES SQ-42 ST,1237ACENQRSW,IRT,317,,,Times Sq-42 St,611,Times Sq - 42 St / Port Authority Bus Terminal,,42 ST-TIMES SQ,,,,,W 40th St
R144,R032,TIMES SQ-42 ST,1237ACENQRSW,IRT,11,317,467,Times Sq-42 St,611,Times Sq - 42 St / Port Authority Bus Terminal,,42 ST-TIMES SQ,,,,R145,W 41st St
R145,R032,TIMES SQ-42 ST,1237ACENQRSW,IRT,317,11,467,Times Sq-42 St,611,Times Sq - 42 St / Port Authority Bus Terminal,,42 ST-TIMES SQ,,,,,W 41st St E/S
R146,R032,TIMES SQ-42 ST,1237ACENQRSW,IRT,317,11,467,Times Sq-42 St,611,Times Sq - 42 St / Port Authority Bus Terminal,,42 ST-TIMES SQ,,,,R145,W 41st St W/S
R147,R033,TIMES SQ-42 ST,1237ACENQRSW,IRT,317,468,11,Times Sq-42 St,611,Times Sq - 42 St / Port Authority Bus Terminal,,42 ST-TIMES SQ,,408,,,W 42nd St E/S
R148,R033,TIMES SQ-42 ST,1237ACENQRSW,IRT,468,11,317,Times Sq-42 St,611,Times Sq - 42 St / Port Authority Bus Terminal,,42 ST-TIMES SQ,2180,409,,,W 42nd St SE cnr
R150,R033,TIMES SQ-42 ST,1237ACENQRSW,IRT,317,468,11,Times Sq-42 St,611,Times Sq - 42 St / Port Authority Bus Terminal,,42 ST-TIMES SQ,,,Closed,,W 42nd St NE cnr
R151,R033,TIMES SQ-42 ST,1237ACENQRSW,IRT,317,468,11,Times Sq-42 St,611,Times Sq - 42 St / Port Authority Bus Terminal,,42 ST-TIMES SQ,,410,,,W 42nd St W/S
R153,R033,TIMES SQ-42 ST,1237ACENQRSW,IRT,468,11,317,Times Sq-42 St,611,Times Sq - 42 St / Port Authority Bus Terminal,,42 ST-TIMES SQ,,411,,,W 43rd St
R154,R116,50 ST,1,IRT,316,,,50 St,316,,,,1908,,,,S/B W 50th St
R155,R116,50 ST,1,IRT,316,,,50 St,316,,,,1909,,,,N/B W 50th St
R158,R084,59 ST COLUMBUS,1ABCD,IRT,315,,,59 St-Columbus Circle,614,59 St - Columbus Circle,,59 ST-COLUMBUS,,,,,S/B W 59th-60th Sts
R159,R164,66 ST-LINCOLN,1,IRT,314,,,66 St-Lincoln Center,314,,,66 ST/LINCOLN,,427,,,N/B W 66th St
R160,R164,66 ST-LINCOLN,1,IRT,314,,,66 St-Lincoln Center,314,,,66 ST/LINCOLN,,428,,,S/B W 66th St
R160A,R164,66 ST-LINCOLN,1,IRT,314,,,66 St-Lincoln Center,314,,,66 ST/LINCOLN,,429,,,S/B W 65th St
R161,R452,72 ST,123,IRT,313,,,72 St,313,,,72ND STREET,,,,R161A,W 72nd St S/S
R161A,R452,72 ST,123,IRT,313,,,72 St,313,,,72ND STREET,,430,,,W 72nd St S/S
R161B,R452,72 ST,123,IRT,313,,,72 St,313,,,72ND STREET,,432,,,W 72nd St N/S
R162,R166,79 ST,1,IRT,312,,,79 St,312,,,,,,,,S/B W 79th St
R163,R166,79 ST,1,IRT,312,,,79 St,312,,,,,,,,N/B W 79th St
R164,R167,86 ST,1,IRT,311,,,86 St,311,,,86 STREET,,,,,S/B W 86th St
R165,R167,86 ST,1,IRT,311,,,86 St,311,,,86 STREET,,,,,N/B W 86th St
R166,R167,86 ST,1,IRT,311,,,86 St,311,,,86 STREET,,,,,S/B W 87th St
R168,R168,96 ST,123,IRT,310,,,96 St,310,,,,,,Closed,,S/B W 96th St
R168A,R168,96 ST,123,IRT,310,,,96 St,310,,,,,,,,W 94th St
R169,R168,96 ST,123,IRT,310,,,96 St,310,,,,,,,,N/B W 96th St
R170,R191,103 ST,1,IRT,309,,,103 St,309,,,,,,,,W 103rd St
R171,R192,CATHEDRAL PKWY,1,IRT,308,,,Cathedral Pkwy (110 St),308,,,110 ST-CATHEDRL,,,,,N/B W 110th St
R172,R192,CATHEDRAL PKWY,1,IRT,308,,,Cathedral Pkwy (110 St),308,,,110 ST-CATHEDRL,,,,,S/B W 110th St
R173,R159,116 ST-COLUMBIA,1,IRT,307,,,116 St-Columbia University,307,,,,,,,,W 116th St
R174,R034,125 ST,1,IRT,306,,,125 St,306,,,,,,,,W 125th St
R175,R169,137 ST CITY COL,1,IRT,305,,,137 St-City College,305,,,137 ST-CITY COL,,,,,N/B W 137th St
R176,R169,137 ST CITY COL,1,IRT,305,,,137 St-City College,305,,,137 ST-CITY COL,,,,,S/B W 137th St
R177,R273,145 ST,1,IRT,304,,,145 St,304,,,,,,,,N/B W 145th St
R178,R273,145 ST,1,IRT,304,,,145 St,304,,,,,,,,S/B W 145th St
R179,R193,157 ST,1,IRT,303,,,157 St,303,,,,,,,,N/B W 157th St
R180,R193,157 ST,1,IRT,303,,,157 St,303,,,,,,,,S/B W 157th St
R182,R035,168 ST,1AC,IRT,302,,,168 St-Washington Hts,605,168 St - Washington Hts,,168 ST-BROADWAY,,,,,W 168th St
R183,R260,181 ST,1,IRT,301,,,181 St,301,,,,,,,,W 181st St
R185,R274,191 ST,1,IRT,300,,,191 St,300,,,,,,,,W 191st St
R186,R036,DYCKMAN ST,1,IRT,299,,,Dyckman St,299,,,,,,,,Dyckman St
R187,R037,207 ST,1,IRT,298,,,207 St,298,,,,,,,R188,N/B W 207th St
R188,R037,207 ST,1,IRT,298,,,207 St,298,,,207 STREET,,,,,S/B W 207th St
R189,R038,215 ST,1,IRT,297,,,215 St,297,,,207 STREET,,,,R190,N/B W 215th St
R190,R038,215 ST,1,IRT,297,,,215 St,297,,,215 STREET,,,,,S/B W 215th St
R191,R039,MARBLE HILL-225,1,IRT,296,,,Marble Hill-225 St,296,,,215 STREET,,,,R192,N/B W 225th St
R192,R039,MARBLE HILL-225,1,IRT,296,,,Marble Hill-225 St,296,,,225 STREET,,,,,S/B W 225th St
R193,R040,231 ST,1,IRT,295,,,231 St,295,,,225 STREET,,,,R194,N/B W 231st St
R194,R040,231 ST,1,IRT,295,,,231 St,295,,,231 STREET,,,,,S/B W 231st St
R195,R306,238 ST,1,IRT,294,,,238 St,294,,,231 STREET,,,,R196,N/B W 238th St
R196,R306,238 ST,1,IRT,294,,,238 St,294,,,,,,,,S/B W 238th St
R197,R117,V.CORTLANDT PK,1,IRT,293,,,Van Cortlandt Park-242 St,293,,,242 ST,,,,,W 242nd St
R200A,R041,BOWLING GREEN,45,IRT,414,,,Bowling Green,414,,,,,,,,Bowling Green
R201,R041,BOWLING GREEN,45,IRT,414,,,Bowling Green,414,,,,,,,,Battery Pl
R202,R042,BOWLING GREEN,45,IRT,414,,,Bowling Green,414,,,,,67,,,State St
R203,R043,WALL ST,45,IRT,413,,,Wall St,413,,,,,4,,,N/B Rector St
R203A,R043,WALL ST,45,IRT,413,,,Wall St,413,,,,,,,,N/B Pine St
R204,R043,WALL ST,45,IRT,413,,,Wall St,413,,,,,77,,,S/B Rector St
R204A,R043,WALL ST,45,IRT,413,,,Wall St,413,,,,,,,,S/B Pine St
R205,R014,FULTON ST,ACJZ2345,IRT,412,,,Fulton St,628,Fulton St,,FULTON STREET,,,Closed,,N/B John St
R205A,R014,FULTON ST,2345ACJZ,IRT,412,,,Fulton St,628,Fulton St,,FULTON STREET,,,,,N/B Cortlandt St
R206,R014,FULTON ST,2345ACJZ,IRT,412,,,Fulton St,628,Fulton St,,FULTON STREET,,78,,,S/B Dey St
R206A,R014,FULTON ST,2345ACJZ,IRT,412,,,Fulton St,628,Fulton St,,FULTON STREET,,,,R205A,S/B Cortlandt St
R208,R014,FULTON ST,2345ACJZ,IRT,412,,,Fulton St,628,Fulton St,,FULTON STREET,,,,,S/B Fulton St
R210,R044,BROOKLYN BRIDGE,456JZ,IRT,411,,,Brooklyn Bridge-City Hall,622,Brooklyn Bridge-City Hall / Chambers St,,,2201,53,,,Brooklyn Bridge
R210A,R044,BROOKLYN BRIDGE,456JZ,IRT,411,,,Brooklyn Bridge-City Hall,622,Brooklyn Bridge-City Hall / Chambers St,,,,54,,,Reade St
R214,R463,CANAL ST,JNQRZ6,IRT,410,,,Canal St,623,Canal St,,,,,,A046,S/B Canal St
R215,R322,SPRING ST,6,IRT,409,,,Spring St,409,,,,,34,,,N/B Spring St
R216,R322,SPRING ST,6,IRT,409,,,Spring St,409,,,,,,,,S/B Spring St
R217,R194,BLEECKER ST,6BDFM,IRT,408,,,Bleecker St,619,Broadway-Lafayette St / Bleecker St,,,,,,R217A,N/B Bleecker St
R217A,R194,BLEECKER ST,6BDFM,IRT,408,,,Bleecker St,619,Broadway-Lafayette St / Bleecker St,,,,13,,,N/B E Houston St
R218,R461,BLEECKER ST,6BDFM,IRT,408,,,Bleecker St,619,Broadway-Lafayette St / Bleecker St,,,,,,N519A,S/B Bleecker St
R219,R160,ASTOR PL,6,IRT,407,,,Astor Pl,407,,,ASTOR PLACE,,,,,N/B Astor Pl
R220,R160,ASTOR PL,6,IRT,407,,,Astor Pl,407,,,ASTOR PLACE,,,,,S/B Astor Pl
R221,R170,14 ST-UNION SQ,456LNQRW,IRT,406,,,14 St-Union Sq,602,14 St - Union Sq,,,1944,,,,E 14th St
R226,R131,23 ST,6,IRT,405,,,23 St,405,,,,,,,,S/B E 23rd St
R226A,R131,23 ST,6,IRT,405,,,23 St,405,,,,,,,,S/B E 22nd St
R227,R131,23 ST,6,IRT,405,,,23 St,405,,,,,,,,N/B E 23rd St
R227A,R131,23 ST,6,IRT,405,,,23 St,405,,,,,,,,N/B E 22nd St
R228,R143,28 ST,6,IRT,404,,,28 St,404,,,,1949,21,,,S/B E 28th St
R229,R143,28 ST,6,IRT,404,,,28 St,404,,,,,,,,N/B E 28th St
R230,R143,28 ST,6,IRT,404,,,28 St,404,,,,,,,,S/B E 27th St
R231,R176,33 ST,6,IRT,403,,,33 St,403,,,,,,,,N/B E 33rd St
R231A,R176,33 ST,6,IRT,403,,,33 St,403,,,,,,,,N/B E 32nd St
R232,R176,33 ST,6,IRT,403,,,33 St,403,,,,,,,,S/B E 33rd St
R232A,R176,33 ST,6,IRT,403,,,33 St,403,,,,,,,,S/B E 32nd St
R233,R045,GRD CNTRL-42 ST,4567S,IRT,469,,,Grand Central-42 St,610,Grand Central - 42 St,,42 ST-GRD CNTRL,,,,R236,Madison Ave W/S
R234,R045,GRD CNTRL-42 ST,4567S,IRT,469,,,Grand Central-42 St,610,Grand Central - 42 St,,42 ST-GRD CNTRL,,,Closed,,Madison Ave E/S
R235,R045,GRD CNTRL-42 ST,4567S,IRT,469,,,Grand Central-42 St,610,Grand Central - 42 St,,42 ST-GRD CNTRL,,,,,Madison-Vanderbilt Aves
R236,R045,GRD CNTRL-42 ST,4567S,IRT,469,,,Grand Central-42 St,610,Grand Central - 42 St,,42 ST-GRD CNTRL,,,,,Vanderbilt Ave
R237,R046,GRD CNTRL-42 ST,4567S,IRT,402,465,,Grand Central-42 St,610,Grand Central - 42 St,,42 ST-GRD CNTRL,,,,,E 41st-E 42nd Sts
R237A,R047,GRD CNTRL-42 ST,4567S,IRT,402,465,,Grand Central-42 St,610,Grand Central - 42 St,,42 ST-GRD CNTRL,,,Exit-only,R238,E 42nd St SE cnr
R237B,R047,GRD CNTRL-42 ST,4567S,IRT,402,465,,Grand Central-42 St,610,Grand Central - 42 St,,42 ST-GRD CNTRL,,,,,E 42nd St SW cnr
R238,R046,GRD CNTRL-42 ST,4567S,IRT,402,465,,Grand Central-42 St,610,Grand Central - 42 St,,42 ST-GRD CNTRL,2207,,,,E 42nd St NE cnr
R238A,R046,GRD CNTRL-42 ST,4567S,IRT,402,465,,Grand Central-42 St,610,Grand Central - 42 St,,42 ST-GRD CNTRL,2208,,,,E 42nd St NW cnr
R240,R047,GRD CNTRL-42 ST,4567S,IRT,402,465,,Grand Central-42 St,610,Grand Central - 42 St,,42 ST-GRD CNTRL,,,,,E 42nd St NW cnr
R240A,R047,GRD CNTRL-42 ST,4567S,IRT,402,,,Grand Central-42 St,610,Grand Central - 42 St,,42 ST-GRD CNTRL,,,,R240,E 42nd St NE cnr
R241A,R048,GRD CNTRL-42 ST,4567S,IRT,465,,,Grand Central-42 St,610,Grand Central - 42 St,,42 ST-GRD CNTRL,,,,,3rd Ave
R242,R049,51 ST,6,IRT,401,,,51 St,612,51 St - Lexington Av / 53 St,,51 STREET,,41,,,S/B E 51st St
R242A,R049,51 ST,6,IRT,401,,,51 St,612,51 St - Lexington Av / 53 St,,51 STREET,,,,,S/B E 50th St
R243,R049,51 ST,6,IRT,401,,,51 St,612,51 St - Lexington Av / 53 St,,51 STREET,,,,,N/B E 51st St
R244,R050,59 ST,456NQRW,IRT,400,,,59 St,613,Lexington Av / 59 St,,59 STREET,,71,,,S/B E 60th St
R244A,R050,59 ST,456NQRW,IRT,400,,,59 St,613,Lexington Av / 59 St,,59 STREET,2215,72,,,S/B E 59th St
R245,R051,59 ST,456NQRW,IRT,400,,,59 St,613,Lexington Av / 59 St,,59 STREET,2216,73,,,N/B E 60th St
R245A,R051,59 ST,456NQRW,IRT,400,,,59 St,613,Lexington Av / 59 St,,59 STREET,,74,,,N/B E 59th St
R246,R177,68ST-HUNTER CO,6,IRT,399,,,68 St-Hunter College,399,,,68ST-HUNTER COL,1956,,,,E 68th St
R247,R178,77 ST,6,IRT,398,,,77 St,398,,,,,,,,N/B E 77th St
R248,R178,77 ST,6,IRT,398,,,77 St,398,,,,,38,,,S/B E 77th St
R249,R179,86 ST,456,IRT,397,,,86 St,397,,,,,,,,N/B E 86th St
R250,R179,86 ST,456,IRT,397,,,86 St,397,,,,,,,,S/B E 86th St
R251,R144,96 ST,6,IRT,396,,,96 St,396,,,,,,,,E 96th St
R252,R180,103 ST,6,IRT,395,,,103 St,395,,,,,,,,E 103rd St
R253,R181,110 ST,6,IRT,394,,,110 St,394,,,,,,,,N/B E 110th St
R254,R181,110 ST,6,IRT,394,,,110 St,394,,,,,,,,S/B E 110th St
R255,R181,110 ST,6,IRT,394,,,110 St,394,,,,,,Closed,,N/B E 111th St
R256,R182,116 ST,6,IRT,393,,,116 St,393,,,,,,,,S/B E 116th St
R257,R182,116 ST,6,IRT,393,,,116 St,393,,,,,,,,N/B E 116th St
R258,R132,125 ST,456,IRT,392,,,125 St,392,,,,,,,,E 125th St
R259,R307,138/GRAND CONC,45,IRT,391,,,138 St-Grand Concourse,391,,,"138 ST,138 ST-GR CONC",,,,,E 138th St
R260,R205,149/GRAND CONC,245,IRT,390,435,,149 St-Grand Concourse,603,149 St - Grand Concourse,,"149 ST-GR CONC*,149 ST-GR CONC",,,,,
R261,R205,149/GRAND CONC,245,IRT,390,435,,149 St-Grand Concourse,603,149 St - Grand Concourse,,149 ST-GR CONC,,,,,
R262,R195,161/YANKEE STAD,4BD,IRT,389,,,161 St-Yankee Stadium,604,161 St - Yankee Stadium,,161 ST-YANKEE,,,,,E 161st St
R262A,R195,161/YANKEE STAD,4BD,IRT,389,,,161 St-Yankee Stadium,604,161 St - Yankee Stadium,,161 ST-YANKEE,,,,,E 160th St N
R262B,R195,161/YANKEE STAD,4BD,IRT,389,,,161 St-Yankee Stadium,604,161 St - Yankee Stadium,,161 ST-YANKEE,,,,,E 160th St S
R283,R221,167 ST,4,IRT,388,,,167 St,388,,,,,,,,E 167th St
R284,R243,170 ST,4,IRT,387,,,170 St,387,,,,,,,,170th St
R285,R308,MT EDEN AV,4,IRT,386,,,Mt Eden Av,386,,,MT EDEN AVE,,,,,E Mount Eden Ave
R286,R309,176 ST,4,IRT,385,,,176 St,385,,,,,,,,E 176th St
R287,R244,BURNSIDE AV,4,IRT,384,,,Burnside Av,384,,,BURNSIDE AVE,,,,,E Burnside Ave
R288,R275,183 ST,4,IRT,383,,,183 St,383,,,,,,,,E 183rd St
R289,R119,FORDHAM RD,4,IRT,382,,,Fordham Rd,382,,,FORDHAM ROAD,,,,,E Fordham Rd
R290,R161,KINGSBRIDGE RD,4,IRT,381,,,Kingsbridge Rd,381,,,,,,,,E Kingsbridge Rd
R291,R183,BEDFORD PK BLVD,4,IRT,380,,,Bedford Park Blvd-Lehman College,380,,,BEDFORD PARK BL,,,,,Bedford Park Blvd
R293,R133,MOSHOLU PKWY,4,IRT,379,,,Mosholu Pkwy,379,,,"MOSHOLU PKY,MOSHOLU PARKWAY",,,,,Mosholu Pkwy
R294,R052,WOODLAWN,4,IRT,378,,,Woodlawn,378,,,WOODLAWN ROAD,,,,,Bainbridge Ave
R301,R323,CENTRAL PK N110,23,IRT,441,,,Central Park North (110 St),441,,,"110 ST,110 ST-CPN",,,,,W 110th St
R302,R324,116 ST,23,IRT,440,,,116 St,440,,,,,,,,S/B W 116th St
R303,R324,116 ST,23,IRT,440,,,116 St,440,,,,,,,,N/B W 116th St
R304,R206,125 ST,23,IRT,439,,,125 St,439,,,,,,,,S/B W 125th St
R305,R206,125 ST,23,IRT,439,,,125 St,439,,,,,,,,N/B W 125th St
R306,R207,135 ST,23,IRT,438,,,135 St,438,,,,,,,,S/B W 135th St
R307,R207,135 ST,23,IRT,438,,,135 St,438,,,,,,,,N/B W 135th St
R308,R344,145 ST,3,IRT,437,,,145 St,437,,,,,,,,S/B W 145th St
R309,R345,HARLEM 148 ST,3,IRT,436,,,Harlem-148 St,436,,,148 ST-LENOX,,,,,Adam Clayton Powell Jr Blvd
R310,R053,3 AV-149 ST,25,IRT,434,,,3 Av-149 St,434,,,"149 ST - 3 AVE,149 ST-3 AVE",,,,,S/B 3rd Ave
R311,R053,3 AV-149 ST,25,IRT,434,,,3 Av-149 St,434,,,"149 ST - 3 AVE,149 ST-3 AVE",,,,,N/B 3rd Ave
R312,R405,JACKSON AV,25,IRT,433,,,Jackson Av,433,,,JACKSON AVE,,,,,Jackson Ave
R314,R406,PROSPECT AV,25,IRT,432,,,Prospect Av,432,,,PROSPECT AVE,,,,,S/B Prospect Ave
R315,R406,PROSPECT AV,25,IRT,432,,,Prospect Av,432,,,PROSPECT AVE,,,,,N/B Prospect Ave
R316,R407,INTERVALE AV,25,IRT,431,,,Intervale Av,431,,,INTERVALE-163,,,,,Intervale Ave
R317,R408,SIMPSON ST,25,IRT,430,,,Simpson St,430,,,,,,,,N/B Simpson St
R318,R408,SIMPSON ST,25,IRT,430,,,Simpson St,430,,,,,,,,S/B Simpson St
R319,R409,FREEMAN ST,25,IRT,429,,,Freeman St,429,,,,,,,,N/B Freeman St
R320,R409,FREEMAN ST,25,IRT,429,,,Freeman St,429,,,,,,,,S/B Freeman St
R321,R386,174 ST,25,IRT,428,,,174 St,428,,,,,,,,N/B E 174th St
R322,R386,174 ST,25,IRT,428,,,174 St,428,,,,,,,,S/B E 174th St
R323,R387,WEST FARMS SQ,25,IRT,427,,,West Farms Sq-E Tremont Av,427,,,"E TREMONT AV,E TREMONT AVE",,,,,E Tremont Ave
R323A,R387,WEST FARMS SQ,25,IRT,427,,,West Farms Sq-E Tremont Av,427,,,"E TREMONT AV,E TREMONT AVE",,,,R323,E 178th St
R325,R388,E 180 ST,25,IRT,426,,,E 180 St,426,,,,,,,,E 180th St
R326,R389,BRONX PARK EAST,25,IRT,425,,,Bronx Park East,425,,,,,,,,Sagamore St
R327,R361,PELHAM PKWY,25,IRT,424,,,Pelham Pkwy,424,,,"PELHAM PKY,PELHAM PARKWAY",,,,,Pelham Pkwy S
R328,R361,PELHAM PKWY,25,IRT,424,,,Pelham Pkwy,424,,,"PELHAM PKY,PELHAM PARKWAY",,,,,Pelham Pkwy N
R329,R362,ALLERTON AV,25,IRT,423,,,Allerton Av,423,,,ALLERTON AVE,,,,,Allerton Ave
R330,R363,BURKE AV,25,IRT,422,,,Burke Av,422,,,BURKE AVE,,,,,Burke Ave
R331,R364,GUN HILL RD,25,IRT,421,,,Gun Hill Rd,421,,,GUN HILL ROAD,,,,,Gun Hill Rd
R332,R365,219 ST,25,IRT,420,,,219 St,420,,,,,,,,E 219th St
R333,R366,225 ST,25,IRT,419,,,225 St,419,,,,,,,,E 225th St
R334,R367,233 ST,25,IRT,418,,,233 St,418,,,,,,,,E 233rd St
R335,R444,NEREID AV,25,IRT,417,,,Nereid Av,417,,,"238 ST,NEREID AVE",,,,,Nereid Ave
R336,R145,WAKEFIELD/241,2,IRT,416,,,Wakefield-241 St,416,,,"241 ST,WAKEFIELD-241",,,,,E 241st St
R400,R445,3 AV 138 ST,6,IRT,377,,,3 Av-138 St,377,,,"138 ST-3 AV,138 ST-3 AVE",,,,R401,3rd Ave
R401,R445,3 AV 138 ST,6,IRT,377,,,3 Av-138 St,377,,,"138 ST-3 AV,138 ST-3 AVE",,,,,Alexander Ave
R402,R446,BROOK AV,6,IRT,376,,,Brook Av,376,,,BROOK AVE,,,,,S/B Brook Ave
R403,R446,BROOK AV,6,IRT,376,,,Brook Av,376,,,BROOK AVE,,,,,N/B Brook Ave
R404,R447,CYPRESS AV,6,IRT,375,,,Cypress Av,375,,,CYPRESS AVE,,,,,S/B Jackson Ave
R405,R447,CYPRESS AV,6,IRT,375,,,Cypress Av,375,,,CYPRESS AVE,,,,,N/B Jackson Ave
R406,R448,E 143/ST MARY'S,6,IRT,374,,,E 143 St-St Mary's St,374,,,E 143 ST,,,,,S/B E 143rd St
R407,R448,E 143/ST MARY'S,6,IRT,374,,,E 143 St-St Mary's St,374,,,E 143 ST,,,,,N/B E 143rd St
R408,R449,E 149 ST,6,IRT,373,,,E 149 St,373,,,,,,,,S/B E 149th St
R409,R449,E 149 ST,6,IRT,373,,,E 149 St,373,,,,,,,,N/B E 149th St
R410,R450,LONGWOOD AV,6,IRT,372,,,Longwood Av,372,,,LONGWOOD AVE,,,,,S/B Longwood Ave
R411,R450,LONGWOOD AV,6,IRT,372,,,Longwood Av,372,,,LONGWOOD AVE,,,,,N/B Longwood Ave
R412,R146,HUNTS POINT AV,6,IRT,371,,,Hunts Point Av,371,,,HUNTS POINT AVE,,,,,Hunts Point Ave
R413,R325,WHITLOCK AV,6,IRT,370,,,Whitlock Av,370,,,WHITLOCK AVE,,,,,Westchester Ave
R414,R162,ELDER AV,6,IRT,369,,,Elder Av,369,,,ELDER AVE,,,,,Elder Ave
R415,R120,MORISN AV/SNDVW,6,IRT,368,,,Morrison Av-Soundview,368,,,MORRISON AVE,,,,,Morrison Ave
R416,R245,ST LAWRENCE AV,6,IRT,367,,,St Lawrence Av,367,,,ST LAWRENCE AVE,,,,,St Lawrence Ave
R417,R222,PARKCHESTER,6,IRT,366,,,Parkchester,366,,,E 177 ST-PARKCH,,,,,Hugh J. Grant Circle
R418,R106,CASTLE HILL AV,6,IRT,365,,,Castle Hill Av,365,,,CASTLE HILL AVE,,,,,Castle Hill Ave
R419,R326,ZEREGA AV,6,IRT,364,,,Zerega Av,364,,,ZEREGA AVE,,,,,Zerega Ave
R420,R107,WESTCHESTER SQ,6,IRT,363,,,Westchester Sq-E Tremont Av,363,,,,,,,,Ferris Pl
R421,R427,MIDDLETOWN RD,6,IRT,362,,,Middletown Rd,362,,,MIDDLETOWN ROAD,,,,,Middletown Rd
R422,R428,BUHRE AV,6,IRT,361,,,Buhre Av,361,,,BUHRE AVE,,,,,Buhre Ave
R423,R429,PELHAM BAY PARK,6,IRT,360,,,Pelham Bay Park,360,,,,,,,,Bruckner Blvd
R500,R054,5 AVE,7BDFM,IRT,466,,,5 Av,609,42 St - Bryant Pk / 5 Av,,"FIFTH AVE,5 AVE-BRYANT PK",,,,R501,6th Ave
R501,R054,5 AVE,7BDFM,IRT,466,,,5 Av,609,42 St - Bryant Pk / 5 Av,,"FIFTH AVE,5 AVE-BRYANT PK",,508,,,5th Ave
R503,R276,VERNON-JACKSON,7,IRT,464,,,Vernon Blvd-Jackson Av,464,,,VERNON/JACKSON,,,,,N/B Vernon Blvd
R504,R276,VERNON-JACKSON,7,IRT,464,,,Vernon Blvd-Jackson Av,464,,,VERNON/JACKSON,,,,,S/B Vernon Blvd
R505,R276,VERNON-JACKSON,7,IRT,464,,,Vernon Blvd-Jackson Av,464,,,VERNON/JACKSON,,,Exit-only,R503,N/B Jackson Ave
R506,R276,VERNON-JACKSON,7,IRT,464,,,Vernon Blvd-Jackson Av,464,,,VERNON/JACKSON,,,,,S/B Jackson Ave
R507,R134,HUNTERS PT AV,7,IRT,463,,,Hunters Point Av,463,,,HUNTERS PT AVE,,,,,49th Ave
R508,R346,COURT SQ,7,IRT,462,281,,Court Sq,606,Court Sq - 23 St,,45 RD-COURT H S,,,,,45th Rd
R509,R121,QUEENSBORO PLZ,7NQW,IRT,461,,,Queensboro Plaza,461,,,,,,,,27th St
R510,R090,39 AV,NQW,BMT,6,,,39 Av-Dutch Kills,6,,,"BEEBE-39 AV,BEEBE-39 AVE",,,,,39th Ave
R511,R091,36 AV,NQW,BMT,5,,,36 Av,5,,,WASHINGTON-36 A,,,,,36th Ave
R512,R092,BROADWAY,NQW,BMT,4,,,Broadway,4,,,BROADWAY-31 ST,,,,,Broadway
R513,R093,30 AV,NQW,BMT,3,,,30 Av,3,,,"GRAND-30 AV,GRAND-30 AVE",,,,,30th Ave
R514,R094,ASTORIA BLVD,NQW,BMT,2,,,Astoria Blvd,2,,,HOYT ST-ASTORIA,,,,,Hoyt St
R515,R095,ASTORIA DITMARS,NQW,BMT,1,,,Astoria-Ditmars Blvd,1,,,DITMARS BL-31 S,,,,,Ditmars Blvd
R516,R291,33 ST-RAWSON ST,7,IRT,460,,,33 St-Rawson St,460,,,33 ST/RAWSON ST,,,,,33rd St
R517,R291,33 ST-RAWSON ST,7,IRT,460,,,33 St-Rawson St,460,,,33 ST/RAWSON ST,,,,,34th St
R518,R261,40 ST LOWERY ST,7,IRT,459,,,40 St-Lowery St,459,,,40 ST-LOWERY ST,,,,,40th St
R519,R223,46 ST BLISS ST,7,IRT,458,,,46 St-Bliss St,458,,,46 ST-BLISS ST,,,,,46th St
R520,R223,46 ST BLISS ST,7,IRT,458,,,46 St-Bliss St,458,,,46 ST-BLISS ST,,,,,47th St
R521,R327,52 ST,7,IRT,457,,,52 St,457,,,52 ST-LINCOLN,,,,,52nd St
R522,R327,52 ST,7,IRT,457,,,52 St,457,,,52 ST-LINCOLN,,,,R521,53rd St
R523,R147,61 ST WOODSIDE,7,IRT,456,,,Woodside-61 St,456,,,61 ST/WOODSIDE,,,,,61st St
R524,R347,69 ST,7,IRT,455,,,69 St,455,,,"69 ST-FISK AV,69 ST-FISK AVE",,,,,69th St
R525,R018,74 ST-BROADWAY,7EFMR,IRT,454,,,74 St-Broadway,616,Jackson Hts-Roosevelt Av / 74 St,,,,,,,74th St
R526,R096,82 ST-JACKSON H,7,IRT,453,,,82 St-Jackson Hts,453,,,,,,,,82nd St
R527,R122,90 ST-ELMHURST,7,IRT,452,,,90 St-Elmhurst Av,452,,,,,,,,90th St
R528,R097,JUNCTION BLVD,7,IRT,451,,,Junction Blvd,451,,,,,,,,Junction Blvd
R529,R208,103 ST-CORONA,7,IRT,450,,,103 St-Corona Plaza,450,,,,,,,,103rd St
R530,R310,111 ST,7,IRT,449,,,111 St,449,,,,,,,,111th St
R531,R310,111 ST,7,IRT,449,,,111 St,449,,,,,,Closed,,112th St
R532,R328,METS-WILLETS PT,7,IRT,448,,,Mets-Willets Point,448,,,WILLETS PT-SHEA,,,,,Mets Plaza
R532G,R328,METS-WILLETS PT,7,IRT,448,,,Mets-Willets Point,448,,,WILLETS PT-SHEA,,,Closed,,
R532H,R328,METS-WILLETS PT,7,IRT,448,,,Mets-Willets Point,448,,,WILLETS PT-SHEA,,,,,S/B Flushing Meadows Pedestrian Bridge
R533,R055,FLUSHING-MAIN,7,IRT,447,,,Flushing-Main St,447,,,MAIN ST,,664,,,Main St
R534,R055,FLUSHING-MAIN,7,IRT,447,,,Flushing-Main St,447,,,MAIN ST,,665,,,Union St
R550,R072,34 ST-HUDSON YD,7,IRT,471,,,34 St-Hudson Yards,471,,,,,613,,,W 34th St
R551,R072,34 ST-HUDSON YD,7,IRT,471,,,34 St-Hudson Yards,471,,,,,,,,W 35th St
R600,R224,CLARK ST,23,IRT,334,,,Clark St,334,,,,,707,,,Henry St
R601A,R108,BOROUGH HALL,2345R,IRT,335,24,,Borough Hall,620,Borough Hall / Court St,,BOROUGH HALL/CT,,14,,,Montague St
R602,R108,BOROUGH HALL,2345R,IRT,415,,,Borough Hall,620,Borough Hall / Court St,,BOROUGH HALL/CT,,16,,,Court St E/S
R604,R108,BOROUGH HALL,2345R,IRT,415,,,Borough Hall,620,Borough Hall / Court St,,BOROUGH HALL/CT,,17,,,Court St W/S
R605,R456,HOYT ST,23,IRT,336,,,Hoyt St,336,,,,,708,,,N/B Bridge St
R606,R225,HOYT ST,23,IRT,336,,,Hoyt St,336,,,,,709,,,S/B Hoyt St
R607,R225,HOYT ST,23,IRT,336,,,Hoyt St,336,,,,,,Closed,,N/B Duffield St
R608,R056,NEVINS ST,2345,IRT,337,,,Nevins St,337,,,,,3,,,S/B Nevins St
R609,R056,NEVINS ST,2345,IRT,337,,,Nevins St,337,,,,2227,,,,N/B Nevins St
R610,R057,ATL AV-BARCLAY,2345BDNQR,IRT,338,40,,Atlantic Av-Barclays Ctr,617,Atlantic Av-Barclays Ctr,,"ATLANTIC AVE,BARCLAYS CENTER",,10,,,Hanson Pl
R612,R057,ATL AV-BARCLAY,BDNQR2345,IRT,338,40,,Atlantic Av-Barclays Ctr,617,Atlantic Av-Barclays Ctr,,"ATLANTIC AVE,BARCLAYS CENTER",2110,8,,,Atlantic Ave
R616,R057,ATL AV-BARCLAY,BDNQR2345,IRT,338,40,,Atlantic Av-Barclays Ctr,617,Atlantic Av-Barclays Ctr,,"ATLANTIC AVE,BARCLAYS CENTER",,,Closed,,Atlantic Terminal
R617,R058,BERGEN ST,23,IRT,339,,,Bergen St,339,,,,,712,,,N/B Bergen St
R618,R058,BERGEN ST,23,IRT,339,,,Bergen St,339,,,,,713,,,S/B Bergen St
R619,R059,GRAND ARMY PLAZ,23,IRT,340,,,Grand Army Plaza,340,,,,,,,,Plaza St
R620,R060,EASTN PKWY-MUSM,23,IRT,341,,,Eastern Pkwy-Brooklyn Museum,341,,,,,,Closed,,Mt Prospect
R621,R060,EASTN PKWY-MUSM,23,IRT,341,,,Eastern Pkwy-Brooklyn Museum,341,,,EASTERN PKWY,,,,,Brooklyn Museum
R622,R123,FRANKLIN AV,2345S,IRT,342,,,Franklin Avenue-Medgar Evers College,626,Franklin Av-Medgar Evers College / Botanic Garden,,FRANKLIN AVE,,,,,Franklin Ave
R623,R061,NOSTRAND AV,3,IRT,343,,,Nostrand Av,343,,,NOSTRAND AVE,,,,,Nostrand Ave
R624,R124,KINGSTON AV,3,IRT,344,,,Kingston Av,344,,,KINGSTON AVE,,,,,Kingston Ave
R625,R062,CROWN HTS-UTICA,34,IRT,345,,,Crown Hts-Utica Av,345,,,UTICA AVE,,,,,Schenectady Ave
R626,R062,CROWN HTS-UTICA,34,IRT,345,,,Crown Hts-Utica Av,345,,,UTICA AVE,,,,,Utica Ave
R627,R063,SUTTER AV-RUTLD,3,IRT,346,,,Sutter Av-Rutland Rd,346,,,SUTTER AVE,,,,,Rutland Rd
R628,R064,SARATOGA AV,3,IRT,347,,,Saratoga Av,347,,,SARATOGA AVE,,,,,Saratoga Ave
R629,R065,ROCKAWAY AV,3,IRT,348,,,Rockaway Av,348,,,ROCKAWAY AVE,,,,,Rockaway Ave
R630,R066,JUNIUS ST,3,IRT,349,,,Junius St,349,,,,,,,,Sackman St
R631,R066,JUNIUS ST,3,IRT,349,,,Junius St,349,,,,,,Closed,,Junius St
R632,R067,PENNSYLVANIA AV,3,IRT,350,,,Pennsylvania Av,350,,,,,,,,Pennsylvania Ave
R633,R068,VAN SICLEN AV,3,IRT,351,,,Van Siclen Av,351,,,VAN SICLEN AVE,,,,,Van Siclen Ave
R634,R069,NEW LOTS AV,3,IRT,352,,,New Lots Av,352,,,NEW LOTS AVE,,,,,Ashford St
R635,R277,PRESIDENT ST,25,IRT,353,,,President Street-Medgar Evers College,353,,,,,,,,President St
R636,R209,STERLING ST,25,IRT,354,,,Sterling St,354,,,,,,,,Sterling St
R637,R451,WINTHROP ST,25,IRT,355,,,Winthrop St,355,,,,,,,,Winthrop St
R639,R109,CHURCH AV,25,IRT,356,,,Church Av,356,,,CHURCH AVE,,,,,Church Ave
R641,R210,BEVERLY RD,25,IRT,357,,,Beverly Rd,357,,,BEVERLY ROAD,,,,,Beverly Rd
R643,R135,NEWKIRK AV,25,IRT,358,,,Newkirk Av - Little Haiti,358,,,NEWKIRK AVE,,,,,N/B Newkirk Ave
R644,R135,NEWKIRK AV,25,IRT,358,,,Newkirk Av - Little Haiti,358,,,NEWKIRK AVE,,,,,S/B Newkirk Ave
R645,R110,FLATBUSH AV-B.C,25,IRT,359,,,Flatbush Av-Brooklyn College,359,,,"FLATBUSH AV,FLATBUSH AVE",,,,,N/B Flatbush Ave
R646,R110,FLATBUSH AV-B.C,25,IRT,359,,,Flatbush Av-Brooklyn College,359,,,"FLATBUSH AV,FLATBUSH AVE",,,,,Avenue H
R647,R110,FLATBUSH AV-B.C,25,IRT,359,,,Flatbush Av-Brooklyn College,359,,,"FLATBUSH AV,FLATBUSH AVE",,,,,S/B Flatbush Ave
R726,R329,MORRIS PARK,5,IRT,446,,,Morris Park,446,,,,,,,,Paulding Ave
R727,R430,PELHAM PKWY,5,IRT,445,,,Pelham Pkwy,445,,,"PELHAM PKY,PELHAM PARKWAY",,,,,Pelham Pkwy N
R728,R226,GUN HILL RD,5,IRT,444,,,Gun Hill Rd,444,,,GUN HILL ROAD,,,,,Gun Hill Rd
R729,R292,BAYCHESTER AV,5,IRT,443,,,Baychester Av,443,,,BAYCHESTER AVE,,,,,Thomas E. Brown Ave
R730,R431,EASTCHSTER/DYRE,5,IRT,442,,,Eastchester-Dyre Av,442,,,"DYRE AV,DYRE AVE",,,,,Dyre Ave
S101,R070,ST. GEORGE,1,SRT,501,,,St George,501,,,,,,,,Ferry Terminal Viaduct
S101A,R070,ST. GEORGE,1,SRT,501,,,St George,501,,,,,,,,Richmond Terrace
S102,R165,TOMPKINSVILLE,1,SRT,502,,,Tompkinsville,502,,,,,,,,Victory Blvd
JFK01,R535,HOWARD BCH JFK,A,IND,700,,,Howard Beach,700,,,JFK HOWARD BCH,,,,,
JFK02,R535,HOWARD BCH JFK,A,IND,700,,,Howard Beach,700,,,JFK HOWARD BCH,,,,,
JFK03,R536,JFK JAMAICA CT1,E,IND,701,,,Jamaica,701,,,"JFK JAMAICA CT1,SUTPHIN-ARCHER",2272,,,,Sutphin Blvd
JFK04,R537,JFK JAMAICA CT2,E,IND,701,,,Jamaica,701,,,,,,Closed,,
LGA01,R538,LGA AIRPORT CTB,7,IRT,1000,,,LaGuardia Airport,1000,,,,,,Vending,,
LGA02,R538,LGA AIRPORT CTB,7,IRT,1000,,,LaGuardia Airport,1000,,,,,,Vending,,
LI001,R526,LIB-HEMPSTEAD,F,LIB,1001,,,Hempstead Transit Center,1001,,,,,,Vending,,"68 W Columbia St, Hempstead, NY 11550"
MCB1,R457,METROCARD BUS 1,23,BMT,1004,,,MetroCard Bus,1004,,,,,,Vending,,
MCB2,R458,METROCARD BUS 2,23,BMT,1004,,,MetroCard Bus,1004,,,,,,Vending,,
MCC07,R076,2 BDWY CUST SRV,45,IRT,1006,,,MTA Headquarters,1006,,,,,,Vending,,"2 Broadway, New York, NY 10004"
MCV1,R465,METROCARD VAN-1,1,BMT,1005,,,MetroCard Van,1005,,,,,,Vending,,
MCV2,R466,METROCARD VAN-2,1,BMT,1005,,,MetroCard Van,1005,,,,,,Vending,,
MCV3,R467,METROCARD VAN-3,1,BMT,1005,,,MetroCard Van,1005,,,,,,Vending,,
OB01,R459,ORCHARD BEACH,6,IND,750,,,Orchard Beach,750,,,,,,Closed,,
PTH01,R549,NEWARK HW BMEBE,1,PTH,900,,,Newark,900,,,,2294,,,,Platform B E/S
PTH02,R544,HARRISON,1,PTH,901,,,Harrison,901,,,,,,,,Frank E Rodgers Blvd S
PTH03,R552,JOURNAL SQUARE,1,PTH,902,,,Journal Square,902,,,,,,,,John F. Kennedy Blvd
PTH04,R551,GROVE STREET,1,PTH,903,,,Grove Street,903,,,,,,,,Grove St
PTH05,R543,EXCHANGE PLACE,1,PTH,904,,,Exchange Place,904,,,,,,,,Exchange Pl
PTH06,R546,PAVONIA/NEWPORT,1,PTH,905,,,Newport,905,,,,,,,,Town Square Pl
PTH07,R550,CITY / BUS,1,PTH,906,,,Hoboken,906,,,,2290,,,,River St
PTH08,R540,PATH WTC,1,PTH,907,,,WTC,907,,,,,,Closed,,Greenwich St
PTH09,R548,CHRISTOPHER ST,1,PTH,908,,,Christopher Street,908,,,,2279,,,,Greenwich-Hudson Sts
PTH10,R547,9TH STREET,1,PTH,909,,,9th Street,909,,,,2278,,,,W 9th St
PTH11,R545,14TH STREET,1,PTH,910,,,14th Street,910,,,,,,,,B/D W 14th St
PTH12,R542,TWENTY THIRD ST,1,PTH,911,,,23rd Street,911,,,,,,,,W 23rd St
PTH13,R541,THIRTY ST,1,PTH,912,,,33rd Street,912,,,,,,,,W 30th St
PTH16,R550,LACKAWANNA,1,PTH,906,,,Hoboken,906,,,,,,,,Sinatra Dr
PTH17,R541,THIRTY THIRD ST,1,PTH,912,,,33rd Street,912,,,,,,,,W 32nd St
PTH18,R549,NEWARK BM BW,1,PTH,900,,,Newark,900,,,,,,,,Platform B W/S
PTH19,R549,NEWARK C,1,PTH,900,,,Newark,900,,,,2297,,,,Platform C
PTH20,R549,NEWARK HM HE,1,PTH,900,,,Newark,900,,,,,,,,Track H
PTH21,R540,PATH WTC 2,1,PTH,907,,,WTC,907,,,,2265,,,,Greenwich St N
PTH22,R540,PATH NEW WTC,1,PTH,907,,,WTC,907,,,,2299,,,,Greenwich St
TRAM1,R468,RIT-MANHATTAN,R,RIT,800,,,Manhattan,800,,,,,,,,2nd Ave
TRAM2,R469,RIT-ROOSEVELT,R,RIT,801,,,Roosevelt Island,801,,,,,,,,Main St
WCCTR,R532,WEST COUNTY CTR,5,BEE,1002,,,Westchester County Center,1002,,,,,,Vending,,"198 Central Ave, White Plains, NY 10606"
X001,R410,NYC & CO - 7 AV,1,IRT,1007,,,NYC & Company Office,1007,,,,,,Vending,,"810 7th Ave, New York, NY 10019"
X002,R470,ELTINGVILLE PK,Z,SRT,1003,,,Eltingville Transit Center,1003,,,,,,Vending,,"3230 Richmond Ave, Staten Island, NY 10312"